A103EZCS9H8WW1,B002BKTWL0,5.0
A104Y49ZQ4CYJ2,B0064KO0BU,5.0
A108P30XVUFKXY,B001EO5QW8,1.0
A10CF04CJZC05F,B00068PCTU,5.0
A10EHUTGNC4BGP,B001REEG6C,5.0
A10IFYN5U6X20R,B007TFONH0,5.0
A10RJEQN64ATXU,B000G6RYNE,5.0
A117ST5ZLY9YNK,B00068PCTU,5.0
A118XYLK4XA1F8,B003UIDAHY,5.0
A11AT9PG4CZ09P,B001CWZXIY,5.0
A11LJJL1SOH6W0,B000ER6YO0,4.0
A11N6Y2ELG1JJN,B002OHOC6A,1.0
A11NFERETUWA8Z,B005O072PC,1.0
A11QUNPSCNHY62,B002BCD2OG,4.0
A11S4NOJZGS28Q,B001FA1L7A,5.0
A11UPZ6LI1UJZY,B000ER6YO0,5.0
A11UZ02KXZ6K98,B001CWZXIY,5.0
A11V8XN8SUHPOV,B000Y2EJHY,5.0
A11VPI6WLMQ2ZQ,B000VKYKTG,5.0
A1286MWY9ZAMDN,B0018AMWES,1.0
A12NVPFJVS0EQW,B000I5DJVE,4.0
A12OF4IM7A8YS,B000G6RYNE,5.0
A12PTWD0SXFWLM,B001RVFDOO,5.0
A12T0F58OKHCIW,B001ELL6O8,1.0
A132DJVI37RB4X,B006F2NYI2,2.0
A133OLJFP564T1,B005151BV6,4.0
A137DV4YVGWDCR,B000O9Y62A,5.0
A139RTDNMU3WY5,B0087HW5E2,5.0
A13DPGTZRONDGA,B000UUYOPW,1.0
A13EBBWOMC0FUI,B000ER6YO0,5.0
A13G8CNY7VX57F,B0041CKRJC,5.0
A13HTFH4ZY0NCE,B0018DQFPC,5.0
A13KWQGEI9MHG0,B00473OV2E,5.0
A13LUJJPV36AC6,B006QFTT4Q,5.0
A13NNW7JKQDXX2,B001CWZXIY,5.0
A13SOXNMWXQVNU,B000G6RYNE,5.0
A13T1PODRCT8G1,B0041T6KT6,5.0
A13T2G4T8LR8XA,B001ELL6O8,5.0
A13VD7TJDWVOEC,B000G6RYNE,5.0
A1447CDAPZGLYV,B00469VSJI,1.0
A1465JH39KR5O5,B000G6RYNE,5.0
A14B8M117EUBLK,B000G6MBX2,5.0
A14HZ5EMD2WCG,B000G6RYNE,3.0
A14L15JM990MBP,B005O072PC,5.0
A14SOW889A4TAT,B000G6RYNE,1.0
A156LLD3VZJGC2,B002SRAU80,5.0
A157UWPD5TDS5H,B00283V4GQ,5.0
A15FF2P7RPKH6G,B002N2XXUC,5.0
A15KWUBMC2Y0MF,B001E6KBSK,5.0
A15NMAUKEZG3G1,B003UDSXU8,4.0
A15SCIHLW004UA,B0040WHJQM,3.0
A15U6JW86FB9OV,B000G6RYNE,5.0
A15UN7OK3WRFXE,B000G6MBX2,5.0
A15USNEAJUXOSH,B000G6RYNE,4.0
A15USNEAJUXOSH,B000G6RYNE,5.0
A15YB0DWQ815SY,B00068PCTU,5.0
A160JZXED5K7P1,B000E7WM0K,4.0
A166W2TPZLTNQA,B00845LR4G,3.0
A168EQQCGTOQJI,B001RVFDOO,5.0
A169B9KA8V4R1J,B001CWZXIY,5.0
A16O0S1QROXGJM,B005O072PC,4.0
A16Q0OV7CIPQC0,B000G6RYNE,5.0
A16S0NQ3MWJXFL,B000G6RYNE,5.0
A16UWS8G26PDN8,B0048IACB2,5.0
A16V3EN9C3K83W,B000VKYKTG,5.0
A16XFOYQSJREL7,B001EO5QW8,5.0
A16XMNOX8N0DOQ,B000ER6YO0,4.0
A16YA8CBBX9CTN,B001E6KBSK,2.0
A16YH487W9ZYO0,B000G6RYNE,4.0
A17DW6SUOC70DJ,B001EO5QW8,5.0
A17ESTP5T7T1PH,B002HQAXUW,1.0
A17PGKUKZB9XD,B001EPPE42,1.0
A17Q17AR5GN2SH,B000HDMUQ2,5.0
A17UR3NRLARXCH,B000G6RYNE,4.0
A17V3UVYMI69TE,B000G6RYNE,4.0
A1804Z5697O7SX,B001HTN94C,4.0
A1818NWEJP4RND,B0018AMWES,5.0
A181BEPNIVQWB1,B000G6MBX2,4.0
A1821RZMPRSJBH,B002G8N4ZW,5.0
A183EVXVRWRXXI,B001EO7GAI,5.0
A183KZ8DOY7EJ3,B001E6KBSK,5.0
A1891H0TIXLDXA,B0002XIB2Y,5.0
A18AAABCIJKC5Q,B0019CW0HE,5.0
A18CEGOR80OFT0,B001HTI226,4.0
A18CTETG5SJ3DP,B00283V4GQ,1.0
A18ECVX2RJ7HUE,B001GVISJM,4.0
A18GRF94T65X9Z,B001RVFDOO,5.0
A18MTD4DJ1BY2,B004134H9W,5.0
A18OUU4I29BU9F,B0018DQFPC,1.0
A18RVAXFLALN6E,B003YDP5PA,1.0
A18TQ3KJY1J015,B002BCD2OG,5.0
A18UFRQQ1MOP06,B004IF3TAQ,5.0
A18VDAH788BOAC,B000G6RYNE,1.0
A18VJ0WOQAIZYD,B001KUUNP6,5.0
A190F2M4WPMSNZ,B001RVFDOO,5.0
A194U71OZ5YTLH,B001RVFDOO,5.0
A197O1VYM9B8A3,B003XV5LHK,5.0
A198FU6P1BVUNZ,B002SRYRE8,5.0
A19AJYWSXCFYBY,B000LKZTSC,5.0
A19DSLQN7O8UF7,B002XG21MO,3.0
A19G8B2QYETD7W,B000G6RYNE,3.0
A19NGYCQ1NCF3W,B0028C44Z0,5.0
A19SDJ2TSSL8HI,B0040WAG7Q,3.0
A19U4T4I7UZGNM,B0030N5K1I,1.0
A19U4T4I7UZGNM,B0030N5K1I,1.0
A19XSO4JSFRSAE,B004IF3TAQ,2.0
A19Y7MSOR2J7XP,B000SEJ84M,5.0
A19YEVVAPRW51R,B000IXUISS,1.0
A1A0JJPS4JAZHI,B000UWSQT0,5.0
A1ABDQ02BCIGYQ,B000G6MBX2,2.0
A1AK335P17JXL0,B001L4ELRW,1.0
A1AL946PZ24084,B005CJVVJ8,3.0
A1AMCR6ISCN2Z6,B001EQ4DVQ,5.0
A1AQ2W2R4SOVGN,B000G6MBX2,1.0
A1AQPNFHTL0ZQH,B002KGN4LE,5.0
A1AVLKAXW55QQA,B000G6RYNE,4.0
A1AXXMJQ3NDIFK,B000G6RYNE,5.0
A1B05INWIDZ74O,B000G6RYNE,3.0
A1B05INWIDZ74O,B000G6RYNE,5.0
A1B1QMGK8VYG80,B000HDMUQ2,1.0
A1B40VHNFY129X,B0046HFHD8,3.0
A1BFNM27629VAV,B0019CW0HE,5.0
A1BMZEA51ZR6JD,B0006GWXYY,5.0
A1BPLP0BKERV,B004FD13RW,5.0
A1BPPXZZ5RTSS2,B001FA1L7A,5.0
A1BQGB0OQWIFF9,B000FAMUO4,5.0
A1BQK9Q5K8MHWM,B001RVFDOO,5.0
A1BRY47PU9CIX9,B00068PCTU,3.0
A1BX4EZ3UGX2HX,B001RVFDOO,3.0
A1BXG0K7UD9CTD,B000G6RYNE,1.0
A1C1Y0S6QPBM4W,B000VKYKTG,5.0
A1C3LSDRPLFZ62,B004DTNJU2,5.0
A1C5SHU81SRARN,B001EO5ZMO,5.0
A1C81NF8MDTTFL,B00283V4GQ,1.0
A1CHGU54HVTCWY,B00443YFCS,1.0
A1CLBQQ7A77FSI,B001E6KBSK,5.0
A1CMTRQCJFV8L3,B000G6RYNE,5.0
A1CR1DS15Z7XO1,B001SATU8E,4.0
A1CY94Z8YWQV12,B000SV90J8,5.0
A1CZX3CP8IKQIJ,B001GVISJM,5.0
A1D0P49A1MQO1O,B000G6MBX2,5.0
A1D0URD0AL237J,B003OB0IB8,5.0
A1D3F6UI1RTXO0,B006F2NYI2,5.0
A1D87F6ZCVE5NK,B00813GRG4,1.0
A1DAHZRJTX5X1Z,B001EO5ZMY,5.0
A1DIFTP02ERYNS,B00283V4GQ,3.0
A1DJ9FOEOA0WF1,B001FA1L7A,5.0
A1DJAAKLPCJRZD,B0019CW0HE,5.0
A1DLKICH5ZB2DA,B002OHOC6A,5.0
A1DMR4TXV10JBB,B000G6MBX2,5.0
A1DOBB5XZ1KMZ5,B000G6RYNE,5.0
A1DR8CFJKYFSPR,B00283V4GQ,5.0
A1DTDSL1J6C05F,B0029OWDAU,5.0
A1DW1FK1H3F2TM,B000G6RYNE,5.0
A1DYP6HZQ3AGZU,B003AO5DLO,5.0
A1E079MVIIMWOK,B004IF3TAQ,3.0
A1E09XGZUR78C6,B001EO5TPM,1.0
A1E2Y40TTPL8YK,B000G6RYNE,5.0
A1E7G56OX03JKO,B002JLT6QC,5.0
A1EB9417KLZ2TZ,B001EO7GAI,5.0
A1EC57S6C2VLTL,B0019CW0HE,5.0
A1ELZC3WXWILX2,B000G6RYNE,5.0
A1EMVE0E166IKY,B001RVFDOO,5.0
A1ER07TOX6RHSU,B002WJYCR4,5.0
A1ER584LJ4JX1X,B0028SWACS,5.0
A1ERHEVGUWLRBB,B000ER6YO0,1.0
A1ESDLEDR9Y0JX,B000ER6YO0,1.0
A1ESKQMRVT5AAR,B00068PCTU,3.0
A1EVDWA956XRJW,B002JLT6QC,4.0
A1F8ZVEP18FL45,B000KM7DVC,5.0
A1FAHUMEJO9S1K,B000G6RYNE,5.0
A1FD9E5C06UB6B,B0019CW0HE,3.0
A1FERORG6RB1ZP,B003XT4AV0,5.0
A1FJJQA34W0F4K,B002SRYRE8,5.0
A1FQ1WQDYAGU77,B0017SRF52,5.0
A1FXCNUVQ6FOMC,B000G6RYNE,5.0
A1G0VFQ9198IUF,B002NVPPHC,5.0
A1G51N43M000F7,B001GCVLXG,5.0
A1G5VT1IQI0WNQ,B001RVFDOO,4.0
A1GBZCL326K4GN,B000G6RYNE,5.0
A1GNP71EH4UL17,B00061NJ06,5.0
A1GUR2DMGWUIGL,B000JEHAHS,3.0
A1GV4HEM6XZC06,B000G6RYNE,5.0
A1H0W7S2H5HC04,B001E6KBSK,5.0
A1H2R3U6I562W,B001FA1MCO,5.0
A1H80WDFOR94Q5,B000G6RYNE,5.0
A1H957XU1S5WGV,B001CWZXIY,4.0
A1H9VU1FACOXLN,B000LKZK7C,5.0
A1HCR858WADMHD,B001RVFDOO,4.0
A1HDZQLR9Y5X2A,B001HTKS1Y,3.0
A1HFOD91VG9774,B0040WHJQM,3.0
A1HHS1SELWW6NY,B0007NG56I,5.0
A1HOXKR7OKJ1X1,B005151BV6,5.0
A1HPPPBBMZD78K,B0000VLH8S,5.0
A1HQV09XG1Z0YW,B002O3VHXU,4.0
A1I29JSIGJNWKH,B000G6RYNE,5.0
A1I4UIBK83VV1Q,B000WNJ73Q,5.0
A1I985U2CK6R97,B000HDMUQ2,1.0
A1IAM1NQF1CXL7,B001RVFDOO,5.0
A1IATV65IYNK96,B001EO7GAI,2.0
A1IQB5BF5VKT0H,B0025ULYKI,5.0
A1IRCA0BTW0LLD,B000G6MBX2,5.0
A1IRN1M05TPOVT,B000G6RYNE,5.0
A1IRN1M05TPOVT,B000G6RYNE,5.0
A1IU7S4HCK1XK0,B000NY8ODS,5.0
A1IVFBJA9KAI1M,B000G6RYNE,4.0
A1J2FKMZPW32HV,B001E6KBSK,5.0
A1J5HHOPXZ6UNF,B000G6RYNE,4.0
A1J7ZSFU0SO3D4,B003VTN95K,5.0
A1J87LOAYSMHO9,B00437JI8Q,5.0
A1JBB01LAK69LV,B000G6RYNE,4.0
A1JM25M2PSVPXE,B001ELL6O8,3.0
A1JNAVLBMYJHAZ,B001E6KBSK,5.0
A1JOEJLEL2KJE2,B001TZSDJK,2.0
A1JQOC5JHYKZYL,B00110GBII,5.0
A1JT114SOITFFO,B0093NIWVO,5.0
A1JYQTN8CN3CY2,B004S0AQHA,3.0
A1JYYNQVR86RTN,B005J4ZMR8,5.0
A1K0RZ927RFNYW,B00132EDUW,5.0
A1K0TEFCRCKU9B,B002N2XXUC,5.0
A1K37I9HWF3SAI,B000ITVLE2,3.0
A1K3CH8AIXM7DE,B00068PCTU,5.0
A1K4TZD6TPLKOC,B000ER6YO0,5.0
A1K7OUOZGT6EG3,B001LO4ZWI,5.0
A1KB35ZYR2Z9RL,B000ER6YO0,5.0
A1KBKZWEQ45BMH,B000JWEEB0,4.0
A1KBNKFKAWYV7L,B000G6MBX2,5.0
A1KFUVZ3BZ59R1,B006F2NYI2,5.0
A1KG9W0FX5STMR,B000UZMJZO,4.0
A1KL2LAW08X6UQ,B000E7VI7S,3.0
A1KLA02LZXAT46,B001HTL6CY,2.0
A1KM3ZVOY0PJ3C,B000E7WM0K,2.0
A1KQXO716WOOD6,B003YXWAF8,1.0
A1KTOS2XRCSCYE,B005O072PC,5.0
A1KTR92SDR33GZ,B000G6MBX2,4.0
A1KV2HEQG5N86S,B00068PCTU,5.0
A1KZ67VEU7CJQ3,B0067LDV66,5.0
A1KZUXE70GYNGO,B0041QJSJS,4.0
A1L17QW3R7A519,B000G6RYNE,5.0
A1L4RDILGM7D9E,B000LKZK7C,4.0
A1LA5T5SXLGFZQ,B000G6RYNE,5.0
A1LERBW69A3FDS,B000G6RYNE,3.0
A1LFB8KRBI9IE2,B000G6RYNE,5.0
A1LO4ME566EKLC,B000UWSQT0,1.0
A1LWFJRITZLYUG,B003SE19UK,5.0
A1LWILWU3AAFPG,B000UWSQT0,3.0
A1M8Z2N79P7JIG,B0040WHJQM,5.0
A1MEI40LLXKQF6,B0016J4QKO,5.0
A1MFG9E45RX5OW,B000G6RYNE,5.0
A1MFIN31SXO81A,B001RVFDOO,5.0
A1MG1L05INR6K,B0035YE9CS,5.0
A1MJ0MF2OFIU4D,B008BEGP9W,4.0
A1MJSWI87ZME83,B000E7WM0K,1.0
A1MJV8L3KIDDXD,B000E7WM0K,5.0
A1ML5BUFQOZ7MO,B002OHOC6A,5.0
A1MM0WYBRDZT5O,B0025ULYKI,5.0
A1MMJ2O6PM8OG7,B0025ULYKI,5.0
A1MPZHCGA5OX6B,B0028PDGQA,5.0
A1MYS9LFFBIYKM,B001EO5QW8,5.0
A1MZYO9TZK0BBI,B000E7L2R4,5.0
A1N07AUA3B1NUU,B0062KYM9C,2.0
A1N0AEOEZV7ZWM,B003Y0ZJUE,5.0
A1N5121RR13ZCZ,B0025ULYKI,5.0
A1N5M6H4GKNBG6,B008L19ZQ0,5.0
A1N5SXOJUJGI6A,B002XG21MO,5.0
A1ND7WC5LXOU48,B002GWHC0G,4.0
A1NHQNQ3TVXTZF,B0009XLVGA,1.0
A1NXGRAQROM9AL,B001FA1L7U,5.0
A1NZ14CPJGY7QP,B001EO7E2I,4.0
A1O2F0ZB6JVY0Y,B001EU5S9S,5.0
A1O3WOX0KBBV3W,B0002XIB2Y,5.0
A1O4QLQRY8GI6T,B001RVFDOO,5.0
A1O4VI7N94CK4L,B00285FF6O,3.0
A1O82ZI2GB22WZ,B003AO5DLO,5.0
A1O8BS2HKE5Y0O,B001E6KBSK,5.0
A1O9O18AE5HIOL,B000VKYKTG,3.0
A1OC93L36EHWWJ,B001E6KBSK,5.0
A1OE23J37ZPDXE,B000GGKQSO,5.0
A1OEL4UZT3KKI4,B009HINRX8,5.0
A1OGD72Y2Y26CF,B0019CW0HE,5.0
A1OIMIM4FHT4IG,B002O3VHXU,4.0
A1ONWQH8IQKWKH,B005O072PC,4.0
A1OR3IQK8AB72I,B001GCVLXG,5.0
A1ORGHJ9LSZB03,B001ELL6O8,4.0
A1OSZVK02Z29N9,B003UIDAHY,3.0
A1P21J0DMTVGS7,B004K2IHUO,5.0
A1P5FEFX2JNK4T,B000E7WM0U,5.0
A1P70MC7XXRFX8,B005O072PC,4.0
A1P9R031II267B,B001EU5S9S,5.0
A1PGMT8XLL4FPM,B000G6RYNE,1.0
A1PHUCTJ9X9EHJ,B001RVFDOO,2.0
A1PIDGL665V5QP,B002U56JXK,5.0
A1PKVDA89F3SQQ,B002TM37RU,5.0
A1PRJJ5NR4VTAK,B000ODRY9I,5.0
A1PTPN5SY7C7SW,B001ELL6O8,5.0
A1PZN8AP463DG,B000VKYKTG,5.0
A1Q1AUJ3E43I8G,B002BCD2OG,5.0
A1Q3DMETYMY7Q1,B003UDSXU8,4.0
A1Q4PJXI5HS5WT,B0037LW78C,5.0
A1Q7A78VSQ5GQ4,B000G6RYNE,5.0
A1QAJ948PN36II,B003MCEV0I,5.0
A1QAJ948PN36II,B003SE19UK,5.0
A1QEZ01P4PH82D,B000E7WM0U,5.0
A1QHEKVEXOR0AH,B001CWZXIY,1.0
A1QQ60DX82BE3W,B008L19ZQ0,5.0
A1R2P21ZYNJCFJ,B001UJEN6C,3.0
A1R9B2DK5HF5SS,B00061NJ06,5.0
A1RATYM2APIF9V,B000YZTAS4,5.0
A1RHFH0KA7MFZ3,B00283V4GQ,1.0
A1ROND7G1QTOFY,B001GVISJW,5.0
A1RQQ2HWUGEUWA,B004EKO2HE,1.0
A1RRHET1QIP1YK,B000G6RYNE,5.0
A1RUS8VOWCIC28,B000G6RYNE,1.0
A1RZ4VH27NLDGS,B001EPPFGO,5.0
A1S8ELUE383P8E,B000G6RYNE,5.0
A1SB0MNI6H90DG,B00469VHRG,5.0
A1SBG8TCI8JAS8,B001RVFDOO,5.0
A1SBLULT4UUJZI,B001CWZXIY,5.0
A1SCDZZWN02VVN,B003AO5DLO,5.0
A1SDD92YHPVZRM,B0045TDE4Q,4.0
A1SH7OWQ98P6FI,B00283TPYE,5.0
A1SNAYITRIW75P,B005MZIJBU,1.0
A1SP2KVKFXXRU1,B006K2ZZ7K,5.0
A1SSKFPX72MSMR,B0002567IW,1.0
A1SUY67AC08D8Q,B001CWZXIY,5.0
A1SWAEI63R5P66,B0045TDE4Q,1.0
A1SYSKR79LA2CB,B004K2IHUO,5.0
A1T14KXM4GH14A,B000LKZK7C,5.0
A1T4L0Q47OZ9N,B0019CW0HE,5.0
A1T5CH6SHV989P,B006F2NYI2,5.0
A1T61QP7QHYBRQ,B000C21OOM,5.0
A1TCNR6ULOEDOQ,B000HDMUQ2,2.0
A1TIVD0Y3KJSCN,B0017ZBPTW,5.0
A1TQ9QG6ZXLFVV,B002BCD2OG,5.0
A1TQQQAYEDEY6B,B002XG21MO,5.0
A1TWAHERFJW5PH,B00068PCTU,5.0
A1TXMF6TEP0JVA,B003OB2EP6,2.0
A1TYA1IYI3LGUC,B004X8TK8I,5.0
A1UDFKEKTO70NX,B000G6MBX2,4.0
A1UDZGQRPFHB5Y,B000G6MBX2,5.0
A1UF2VN3O50NGW,B0028C44Z0,2.0
A1UHRRM3U7T1KR,B002XG21MO,4.0
A1UJ6I72N22HT7,B000G6MBX2,4.0
A1UKN7G4AM275R,B001CWZXIY,5.0
A1UM73T71CFPSY,B000G6RYNE,5.0
A1UQR4UUH841TH,B002OHOC6A,5.0
A1UQRSCLF8GW1T,B006K2ZZ7K,5.0
A1URVJ70108OZG,B001RVFDOO,3.0
A1USMRT33PBEKJ,B000NF69ZM,4.0
A1USXH72S0TD4B,B001HTKZ5S,1.0
A1UT454VAT80MF,B002BKTWL0,5.0
A1UTKYFGM2ITLU,B000ER6YO0,1.0
A1UV8UCBOYABKQ,B001RVFDOO,5.0
A1V1EP514B5H7Y,B001E6KBSK,5.0
A1VKJN5Y1C7S5Y,B000J0HIT2,2.0
A1VKNACW03M5H7,B000LKZK7C,3.0
A1VMGTCTZUKHV6,B000VKYKTG,5.0
A1VTIVOTCXO7VO,B002T62G7S,5.0
A1VWM885W9XFMT,B004MTMYNQ,5.0
A1W1BKDL6IDTIQ,B001RVFDOO,5.0
A1W46C4YM9VOM3,B000GULKW6,5.0
A1W4LZ4VZDF29Y,B001EO5ZMY,4.0
A1W5FYWEWDH25R,B001E6KBSK,5.0
A1W655J5ZE1Z33,B001FA1L7U,5.0
A1W867A8DSHFHC,B0048IC328,1.0
A1WFB999A4AQYK,B000OK7UDG,1.0
A1WJ8U24MI7RUZ,B00132EDUW,5.0
A1WK4ALVZDYPUE,B001EO5QW8,5.0
A1WLOJBYGZ49HL,B00068PCTU,5.0
A1WMMANU9LCK2N,B001FA1L7A,5.0
A1WO0KGLPR5PV6,B001GVISJM,5.0
A1WOMXOEX90ARI,B000E7WM0U,4.0
A1WQ3UGXPT15VI,B000G6RYNE,2.0
A1WTXY4MW3YDF2,B0028C44Z0,5.0
A1WVOM1UQU9ZN0,B00068PCTU,5.0
A1WWAQFIYLCL0Y,B006JWQFC0,1.0
A1WX42M589VAMQ,B000G6MBX2,5.0
A1WX42M589VAMQ,B000VKYKTG,5.0
A1X5RAIMX4ZSLJ,B000G6RYNE,5.0
A1X5X96K9B3OVC,B001EO7GAI,3.0
A1XDNMQMY5PYFZ,B0007NG568,2.0
A1XKHPDL7JJBK5,B000HDMUQ2,5.0
A1XM65S80UQ2MD,B001UJEN6C,5.0
A1Y1L56592H2ZX,B000HDMUQ2,4.0
A1Y1O4GJA3HXQF,B000G6MBX2,5.0
A1Y36ID1H813IP,B004134H9W,5.0
A1Y3B0IGSIJS7E,B0028PDGQA,5.0
A1Y3XPZK9ZADFW,B000G6RYNE,4.0
A1Y3XPZK9ZADFW,B000G6RYNE,4.0
A1Y77C1DAMDBNI,B002G8N4ZW,5.0
A1YLOZQKBX3J1S,B000H13270,3.0
A1YLU9NT0Q9H1V,B0017ZBPTW,4.0
A1YP0TYC0FPM73,B000WNJ73Q,5.0
A1YQORA01YBBLS,B004DTNJU2,5.0
A1YUL9PCJR3JTY,B000FAMUO4,5.0
A1YZV2UY0QDZTX,B000LKZK7C,5.0
A1Z1RVRG9CFCB7,B0035YE9CS,4.0
A1Z54EM24Y40LL,B001GVISJW,5.0
A1Z5TMUGWOQ1Z5,B000ODRY9I,5.0
A1Z820SN3VBU0S,B001CWZXIY,5.0
A1Z9OGQ9ETUX0T,B0040WHJQM,2.0
A1ZE87EABE7FVQ,B001HTKZ5S,1.0
A1ZH9LWMX5UCFJ,B000G6MBX2,5.0
A1ZKFQLHFZAEH9,B004K2IHUO,3.0
A1ZN56A70GEGN7,B000I5DJVE,4.0
A1ZP3UHZXPLJ0U,B005151BV6,5.0
A1ZR8O62VSU4OK,B004N5KULM,3.0
A1ZS6CRXGZX4YE,B001BB3LW6,4.0
A1ZYO3FOEXVCJS,B004S0AQHA,5.0
A1ZZMVHSLQSE7R,B004AVYUOW,5.0
A202WR509428VF,B004N5KULM,5.0
A204906HLJ443E,B001FA1L7K,5.0
A2058UP7ATXFOF,B0030N5K1I,2.0
A2058UP7ATXFOF,B0030N5K1I,3.0
A20B2BU1ZPY9AW,B0041QJSJS,1.0
A20DF2DTZYI8TQ,B000ER6YO0,1.0
A20FQULBVVWA8B,B000G6RYNE,5.0
A20HTVL7JE0JG2,B003AO5DLO,5.0
A20K6K9TZGX7RQ,B000G6RYNE,5.0
A20ORC60J05BP3,B000G6RYNE,5.0
A20P218XU65LCK,B0045TDE4Q,5.0
A20PK3OCKRRSA5,B002SRYRE8,5.0
A20S7XV2JK0UXL,B002G8N4ZW,4.0
A2129VQGGHR150,B002O3VHXU,5.0
A212MDP6K4VJS5,B001LQNX8S,5.0
A212N0TUR007EK,B000IXUISS,1.0
A212PEJ8E3TS3V,B003YXWAF8,5.0
A214WOSWVWZQV0,B005CV7TOC,5.0
A215QEI3FPLVXU,B0064KOUNI,5.0
A216KUCPWG8XYN,B00283V4GQ,5.0
A216YA3CYXIOGI,B000G6RYNE,5.0
A219LI5KK8V8R1,B000WNJ73Q,5.0
A21BLUM0I2Y3MW,B000LKZK7C,5.0
A21BT40VZCCYT4,B00171APVA,5.0
A21CC82KBPT1JB,B000WNJ73Q,5.0
A21D8LH2CD2EIZ,B000G6RYNE,2.0
A21E0OJ4DSKXNA,B002SRYRE8,5.0
A21KMEY9SRS4TH,B001LQNX8S,5.0
A21LJ23K0HFF10,B004EKO2HE,5.0
A21PU11G08TUTL,B001EU5S9S,5.0
A21T963HSJXVGX,B005O072PC,4.0
A21TGZU9EXJ272,B005Y0DXBO,5.0
A21V8AYNDN7TNK,B001GCVLXG,5.0
A21VIUWL12CNEL,B000ODRY9I,1.0
A221AFCU6AE0QO,B0041QJSJS,5.0
A226DRVTNFWM28,B001LMNXFA,5.0
A228P3VH7SFBHG,B000G6MBX2,2.0
A228Q0U7S4D88X,B003AO5DLO,5.0
A22A7OEB664QSC,B000WNJ73Q,5.0
A22DN96N5BEEMR,B001RVFDOO,4.0
A22LENLDTGQIU7,B000G6RYNE,1.0
A22LUAIE4SMPGZ,B005151BV6,5.0
A22P2J09NJ9HKE,B001GVISJM,5.0
A22PUBSSNP54L,B000G6RYNE,5.0
A22SF4XQI6LLUS,B0030C9A60,5.0
A22Z9R91N8L7IQ,B001E50UEQ,3.0
A23CTC7FCPE0BY,B001RVFDOO,4.0
A23JFATICR3KZ1,B000E7WM0K,3.0
A23Q6TN6OK1U51,B001EQ4DVQ,5.0
A23QCWKO0IXK8G,B003UIDAHY,5.0
A23W4SGMFMSE5N,B004134H9W,1.0
A23WVMQ6J7BZ61,B0030C9A60,5.0
A23YE95SVEUYZL,B001E6KBSK,5.0
A23YGAIIIVTXEJ,B001EO7GAI,5.0
A23YPRZKGGP3QI,B001E6KBSK,3.0
A24FTIZ8U0TI6U,B000E7WM0K,4.0
A24GM452AKJTT9,B007DJ0O9I,1.0
A24HJWXL3LHULM,B002TDK0VK,5.0
A24ZV048V7J0MT,B000G6RYNE,5.0
A250IZTJ5UN2EI,B005CFC9XY,5.0
A253U7UEJQCVJI,B002KGN4LE,5.0
A257TD5GO1T81W,B005O072PC,5.0
A2582KMXLK2P06,B000LKZK7C,5.0
A25BGFRHYHEZKK,B0019CW0HE,5.0
A25C2M3QF9G7OQ,B000UXA3L8,5.0
A25OQMK5WR76P8,B00068PCTU,1.0
A25VFHVGI4CFTP,B0059WXJKM,1.0
A25X4RBIHA1CA0,B003UIDAHY,5.0
A25XCB9AMF34AE,B00068PCTU,5.0
A25YQEBU2FAD3M,B000LKZK7C,3.0
A2609IIYREBZRT,B001ESOQAM,5.0
A262Z0S6PT9U16,B001KUUNP6,5.0
A263ZEDYD50VAT,B005NEXK6Y,5.0
A2646GV1ORUO88,B00061NJ06,5.0
A265ZN83B11MSQ,B0013JQON4,5.0
A26859014YM6JS,B004FD13RW,5.0
A26AY1TFK8BQXQ,B001EO5QW8,3.0
A26EQ8U96JA92T,B0067LDV66,5.0
A26H90YYINQRR1,B001RVFDOO,5.0
A26HBK5Y0EL8XQ,B003AO5DLO,5.0
A26IDKJAMW7IH8,B001FA1L7U,4.0
A26L4JZZ9C1GT5,B000ER6YO0,4.0
A26M5O53PHZTKN,B004X2KR36,5.0
A26ONAQEIUEMV4,B000G6RYNE,5.0
A26QL8IY48A96E,B001E50UEQ,1.0
A26Y64M23OISTO,B001E6KBSK,5.0
A2725IB4YY9JEB,B0009XLVG0,5.0
A276999Y6VRSCQ,B001EO5QW8,3.0
A27C44BIRQH3QW,B000G6RYNE,5.0
A27D5IRAIGLOG5,B0028C44Z0,5.0
A27GRVH9ZJGXLT,B000G6RYNE,5.0
A27TKQHFW0FB5N,B001GVISJC,5.0
A27TTFTAXKK6DQ,B001ELL7JM,5.0
A27TZ4WBU7N0YF,B001EPPI84,1.0
A27UE9HJRZ22YI,B001D07IPG,1.0
A27WZVW45MRO01,B000WNJ73Q,5.0
A27XY8WKDALB34,B001HTKS1Y,5.0
A27YPCR3ZXWVFE,B000G6RYNE,5.0
A280OZI067MIQN,B0025ULYKI,4.0
A281387UUS2IN5,B001GVISJW,3.0
A281NPSIMI1C2R,B00068PCTU,5.0
A2844FUDCBLUMZ,B001CWZXIY,5.0
A28870VSBU9LDQ,B000G6RYNE,3.0
A28A3KLKV22OAJ,B000G6MBX2,5.0
A28D854VMOEHGX,B003OB0IB8,3.0
A28D8FT2NNCS2Z,B00469VSJI,5.0
A28FL0RSO744I8,B001RVFDOO,5.0
A28HKCWJ7YF2AI,B000G6RYNE,3.0
A28RMYGO9RGA0K,B00061KYVI,5.0
A28RREP03HJZGU,B00068PCTU,4.0
A28VTF9FQ42SBV,B001UJEN6C,5.0
A290S3VPH3P6VO,B000WNJ73Q,5.0
A291HTT117RVS9,B0025ULYKI,1.0
A2933AO5D7O1T6,B000G6RYNE,5.0
A297HRGWRID7I6,B001UJEN6C,5.0
A298O68DGTCC48,B001ELL9X6,5.0
A29BWC41573AF8,B0025ULYKI,5.0
A29N1H1N0DSOBU,B001E6KBSK,5.0
A29QUTP17Q5KJ1,B001DR488E,5.0
A29QXI9MWCVO7Q,B001EO7GAI,5.0
A29SUR9R8ZU54B,B003SE19UK,5.0
A29Z5PI9BW2PU3,B00002Z754,5.0
A29ZSRDOYVO735,B00061KYVI,5.0
A2A0LMJKSRTKY2,B0013JQON4,5.0
A2A1XYSB692L6J,B000G6RYNE,5.0
A2A7KXM9B4XW90,B004N5KULM,5.0
A2A8KWCE8RKB9T,B000G6RYNE,4.0
A2A9X58G2GTBLP,B001GVISJM,5.0
A2AB7M9UCNBVN7,B004X2KR36,3.0
A2ACUGNVT36JYX,B0025VRCJY,5.0
A2AF5SS29LC4BB,B001HTKZ5S,2.0
A2AJ5VNBX7RGPP,B000E7WM0K,5.0
A2ANZVA56T7RAG,B001IZM8A6,5.0
A2AOA8DG9W8YFD,B002E0RIHM,5.0
A2APBHKZCMD6DO,B001ELL6O8,1.0
A2AV6EYCQ5OA30,B000HDMUQ2,3.0
A2AZIBY2PKLW96,B002ONIVX4,5.0
A2B5OI74EHGVH1,B000G6RYNE,1.0
A2B5QDGD0T7L16,B000E1HUEE,1.0
A2B7A8FJBT0HDX,B000HKYP9A,3.0
A2BAAT255L3YUP,B0040WHJQM,1.0
A2BAVWMHL130WY,B0041QJSJS,5.0
A2BF7B1EJBMNSY,B0007NG568,5.0
A2BFFXK7TEINBE,B000G6RYNE,5.0
A2BGWBOVZQSY,B00283V4GQ,4.0
A2BJTZ5JZHAJ9B,B005O072PC,4.0
A2BLJGGWN8GTXQ,B000G6RYNE,5.0
A2BN0B0CJQI3KP,B008L19ZQ0,5.0
A2BV4J46GUZGQ,B000IUOBMA,1.0
A2BZNXMV0LC7OE,B003OB0IB8,4.0
A2C0UAQR4I25P6,B006QFTT4Q,5.0
A2C18CH1YC6BYT,B000G6RYNE,4.0
A2C5BWOM7329UD,B000G6RYNE,5.0
A2C7PEKUF924NX,B0028PDGQA,5.0
A2C9XE9I8RSKNX,B006JWQFC0,5.0
A2CAZG1CQ8BQI5,B009HINRX8,5.0
A2CC7AFBJJVLZ4,B001TZSDJK,5.0
A2CFBLKI8YMK24,B00112B9T2,5.0
A2CFWPZX3VUF64,B005151BV6,5.0
A2CH71BG8TO5NN,B001E6KBSK,5.0
A2CHZ5Q2EF3IR3,B000HKYP9A,5.0
A2CI0RLADCRKPF,B001EO5QW8,4.0
A2CJE81H4BFW4P,B001RVFDOO,5.0
A2CJGVAHVZGJIP,B005O072PC,3.0
A2CS4B58345BRL,B0025ULYKI,1.0
A2CU16YU1KEOUY,B000JEHAHS,1.0
A2CYNULOBYISAZ,B0018DQFPC,3.0
A2CZQ1ZOSEPPKX,B003OB2EP6,5.0
A2D293ADQ5HCLF,B000HDMUQ2,4.0
A2D64PE54FU972,B000OK7UDG,5.0
A2D8K0GPVMMSER,B000G6MBX2,5.0
A2DHG1HP5MCGMI,B0028PDGQA,5.0
A2DLQ100P4PBMM,B001EPPCNK,5.0
A2DLRG3YX6A2ZU,B003OB0IB8,2.0
A2DN52HYY0X7XM,B000S806VM,5.0
A2DQBXU2LEVWWA,B000G6RYNE,3.0
A2DQQUEPK53ORW,B001GE3T1G,5.0
A2DRQBOGCTC5HP,B0002XIB2Y,5.0
A2DYW9Y2D8E43L,B000E7WM0K,3.0
A2DYZJ8D7QD1KE,B004WJAUBE,2.0
A2E0MNOYZI00VW,B0028C44Z0,5.0
A2E2BTMHXJNGWN,B001KVLDBI,4.0
A2E2YEN2AYNHPG,B0017ZBPTW,5.0
A2E3Q8U8364F5P,B001ELL9X6,5.0
A2E3WMF9RWW2X2,B000HDMUQ2,5.0
A2E58SOV509OGK,B002TM37RU,5.0
A2E6BR5S4KHH55,B001EU5S9S,5.0
A2E74M662DXAAR,B000G6RYNE,1.0
A2EB6OGOWCRU5H,B001EO5QW8,5.0
A2EFAW1P3DRXWO,B002GWHC0G,5.0
A2EIIDTYMJAEXV,B0041CKRJC,5.0
A2EJ75UB35C0UL,B006WVH7NE,1.0
A2ELDBHEORXNWA,B001HTKS1Y,5.0
A2EMS62FCYODRS,B000G6RYNE,5.0
A2EOU0LXAOMPG,B001ELL9X6,5.0
A2EPNS38TTLZYN,B0017129DC,3.0
A2EVOV2OZBQU53,B00469VSJI,1.0
A2EY93D9MVNN7J,B001EO7GAI,2.0
A2EZOWS34XH567,B000HDMUQ2,5.0
A2F0WNTW3QQZYS,B000ER6YO0,5.0
A2F4LZVGFLD1OB,B00144C10S,5.0
A2F65U0UDY7TAW,B0037LW78C,5.0
A2F7GUZ4UMVHFL,B000G6RYNE,5.0
A2FOXRMJA0T9M7,B00285FF6O,5.0
A2FUCWMB5QYNH4,B004OHKJWE,1.0
A2FVD05Z2FYW1P,B000G6RYNE,4.0
A2FZE965O64BXJ,B004A8QK98,1.0
A2FZRO46DF0UHN,B003XT4AV0,2.0
A2G0773XS6R763,B00068PCTU,5.0
A2G3ABJ80MXAXY,B001LQNX8S,5.0
A2G7B7FKP2O2PU,B001EO5QW8,5.0
A2GAXGETOQMLJC,B000GULKW6,5.0
A2GBFT3IGK7862,B000E7WM0K,4.0
A2GBXK7E5A2VPV,B00283V4GQ,1.0
A2GDBBZMMBX1L,B000G6RYNE,2.0
A2GEZJHBV92EVR,B0025ULYKI,5.0
A2GHZ2UTV2B0CD,B001EO5QW8,4.0
A2GLKQ4AIBCO0X,B0040WHJQM,5.0
A2GN6W82DZNUN8,B000WFRMRW,5.0
A2GOE7ITDGYVE,B000G6RYNE,5.0
A2GS0QUCV2KVMP,B000G6MBX2,4.0
A2GTW6FM6DRZSZ,B000I5DJVE,5.0
A2H03V8PAZDU9J,B001UJEN6C,5.0
A2H2Q5RW1K56AI,B000G6RYNE,5.0
A2H6LERTQ3PHEU,B00068PCTU,5.0
A2H92JBMYI97KA,B000ODRY9I,5.0
A2HF72GRWTRW35,B000S806VM,4.0
A2HKGQ3OBD6Q23,B001RVFDOO,5.0
A2HL6876LDPJIM,B003ZFXJDW,5.0
A2HLL8L5QELLLO,B001FA1L7K,5.0
A2HOBQ1UZ2QTSA,B001E6KBSK,1.0
A2HTJUCMBERC1Q,B001EO7GAI,5.0
A2HTVWX1NWM33W,B001LQNX8S,5.0
A2I1DIUGYJAIWL,B001E50UEQ,4.0
A2I6X7GVCP8V1A,B0040WHJQM,4.0
A2IEI64V5JUHCF,B000LKZTSC,5.0
A2II09GQGWOMTQ,B000G6RYNE,5.0
A2IJOBHJXEZSS2,B000SEJ842,1.0
A2IOTFFGCHHDKU,B000YZTAS4,5.0
A2IRN7AVMV5PPL,B001ELL9X6,5.0
A2IX1B76ONTXEL,B0037LW78C,5.0
A2J0QB01UVSH0Q,B002GUWBMC,1.0
A2J1EGNKT7I82I,B001E6KBSK,5.0
A2J3CWYRKKY59X,B005O072PC,4.0
A2J4K5SCKZH38C,B000G6RYNE,1.0
A2J8GOBY9PV8WG,B001GE3T1G,5.0
A2JBZWC5IY0AMG,B0025ULYKI,4.0
A2JFHMA59G55MJ,B000G6RYNE,5.0
A2JH47KQUPWVRO,B001ESOQAM,5.0
A2JKRWF7RCCI1,B001RVFDOO,3.0
A2JRK3K99168A1,B000LKZK7C,4.0
A2JVP3CLTUY6DV,B001RVFDOO,5.0
A2K05W5ZQQH7VI,B0025ULYKI,5.0
A2K3QMFDYBKFYS,B001CWZXIY,5.0
A2K8UBI64T0BM8,B001IUKD76,5.0
A2KADAQBR8NG80,B001EPQ0J0,5.0
A2KHRJZDOQUK4Y,B0041QIHC2,5.0
A2KJV7Z3L5DESE,B00061NJ06,5.0
A2KLFH9FCWURBJ,B000E7WM0K,1.0
A2KPPGFMPD20M6,B003ZFXJDW,1.0
A2KTFTRTY0ONWF,B000ER6YO0,2.0
A2KTYAKU1PEVCI,B003D4O92K,5.0
A2KVCXTQVN18KI,B001IUKD76,5.0
A2L0EIYNODCZ9U,B008BEGP9W,5.0
A2L3IECPFB956F,B001EPQ0J0,5.0
A2L9028WTVFL1I,B000G6RYNE,5.0
A2LFHPZFG1OHBZ,B001UJEN6C,5.0
A2LGWBIT9WCTVA,B000G6RYNE,5.0
A2LN5DDGT21310,B000G6RYNE,4.0
A2LS9RBSI8SDZF,B000G6RYNE,5.0
A2LUSYXY8NXYKW,B00068PCTU,5.0
A2LWOW7SO2QPML,B0009XLVGA,2.0
A2LYOW4YW8R2HO,B002BCD2OG,4.0
A2LYOWC3FC73XK,B00067AD4U,5.0
A2M3MWB9QHGZ97,B00068PCTU,5.0
A2M4EZS28WRWTA,B002XG21MO,5.0
A2M687HYOW9JFW,B001LO4ZWI,1.0
A2M6O8YORUA8PW,B002MV23XM,5.0
A2M7DO3ICXZWF1,B000G6MBX2,5.0
A2M8JQ3AME7878,B000G6RYNE,3.0
A2MFQXDIPFDXGX,B007KDXVII,5.0
A2MIJOZVTWEXP2,B000G6MBX2,5.0
A2MMFEZ728S1MA,B000JEHAHS,3.0
A2MMTWKCJET6S,B000G6RYNE,4.0
A2MSYPB6Z5RWK0,B000NF69ZM,5.0
A2MUGFV2TDQ47K,B000G6RYNE,3.0
A2MUGFV2TDQ47K,B001CWZXIY,5.0
A2MUGFV2TDQ47K,B001GVISJM,5.0
A2MW2W7H1DUOF8,B001RVFDOO,5.0
A2MZ43MMIBFL7M,B0025ULYKI,4.0
A2N10M1J3KJZK4,B000G6RYNE,5.0
A2N3BRPS0NS7FF,B0013JQON4,5.0
A2N3GSVCG76JTB,B001RVFDOO,5.0
A2NDW673KP3HSS,B001RVFDOO,5.0
A2NH6AZFB199O1,B000WFM204,5.0
A2NH6XPAZG881D,B0017I8UME,5.0
A2NI99G9BANORP,B000G6RYNE,1.0
A2NO1TXXS9T0EE,B000G6RYNE,4.0
A2NO1TXXS9T0EE,B000G6RYNE,5.0
A2NP8RNW9T5BQF,B000LKZK7C,1.0
A2NQKBC54RAZL5,B000ER6YO0,4.0
A2NQKBC54RAZL5,B000ER6YO0,5.0
A2O1QXKIS937GW,B001RVFDOO,5.0
A2O8HS10MV08RN,B002N2XXUC,5.0
A2O9G2521O626G,B004K2IHUO,5.0
A2OAYIM13WIXCH,B000G6RYNE,5.0
A2OB1BFAEPAYBM,B00067AD4U,5.0
A2ODZ3CH8PMYTL,B003SO503C,5.0
A2OEUROGZDTXUJ,B000G6RYNE,4.0
A2OEUROGZDTXUJ,B000G6RYNE,5.0
A2OEUROGZDTXUJ,B000G6RYNE,5.0
A2OG042EUQ8XG5,B001RVFDOO,5.0
A2OL5WLCNZVD9K,B000G6RYNE,3.0
A2OLJKXJBAYBTY,B000G6RYNE,1.0
A2OPEDFVLL22TP,B000G6MBX2,4.0
A2OPG8EOB026ME,B002XG21MO,5.0
A2OWR5G2OAQF7C,B001HTI226,5.0
A2P19WZ6WD2OZK,B008L19ZQ0,5.0
A2P1YV1633ZX8W,B003OB2EP6,5.0
A2P6ACFZ8FTNVV,B0019CW0HE,1.0
A2PM49X61MWZJV,B003SE19UK,5.0
A2PNOU7NXB1JE4,B000E7WM0K,3.0
A2PS4H0PABQYHG,B000WNJ73Q,5.0
A2PW7DRW757OL0,B00374XSVY,5.0
A2PXWG7EVCNJ9H,B0035YE9CS,5.0
A2PYL0PSX5MQYQ,B000G6RYNE,2.0
A2Q8F5N7HQXWDW,B0028C44Z0,4.0
A2Q92C2T5ODYM2,B001RVFDOO,5.0
A2QA5W84LGMG8L,B001LQNX8S,1.0
A2QDN143KAZK6T,B00068PCTU,5.0
A2QHQM3HHFUSHG,B003TQQKFQ,5.0
A2QOGOXPOVKAJG,B004N5KULM,5.0
A2QOP0L8VG843A,B000ODRY9I,5.0
A2QVO0RUT9D8JR,B001RVFDOO,4.0
A2QVVA5EOPBRI5,B004134H9W,2.0
A2QWGB918P1HU0,B004A8QK98,5.0
A2QYFW82MD0SY6,B00126EQBU,5.0
A2R43MI0JDCVC1,B001CWZXIY,5.0
A2R6RA8FRBS608,B003UY9GTE,5.0
A2R81O3QF8BXI7,B001SAX7Z6,5.0
A2R9GBWL1CDBN1,B000G6RYNE,4.0
A2RERXI7RH3CIA,B000ER6YO0,5.0
A2RL1RS6PWUHWI,B001E50UEQ,3.0
A2RMYCQIST622H,B0028C44Z0,5.0
A2RUIW6J2R3QEI,B002E0RIHM,5.0
A2RURLGD61WYSS,B001E6KBSK,5.0
A2RXRKRI8YSQWQ,B001EPQ0J0,5.0
A2RZFAXI5Y7NLT,B0049UVNYY,3.0
A2S244KFX0745K,B00285FF6O,5.0
A2S72TUJDQUBMH,B00029XIZI,5.0
A2S7HFJI52FBSM,B003OB2EP6,5.0
A2SAMAD4Y3UCT0,B001FA1L7U,5.0
A2SBZQR76C5TXB,B005O072PC,5.0
A2SJ5U8LJCV18H,B000LKZTSC,5.0
A2SLZMD0UYRT5X,B00437JI8Q,5.0
A2SNRIDC4QCCXN,B0040WHJQM,5.0
A2SPYTCUM93BPO,B000FL08PG,5.0
A2SSX0VOP3CHZW,B001ELL9X6,4.0
A2STIW1YRV8KE7,B00283V4GQ,5.0
A2SYKMR242D0X6,B000G6RYNE,5.0
A2T68P9I05KBFT,B0041QJSJS,5.0
A2T7GZ74MZI0MN,B00068PCTU,4.0
A2TIXE6PJOC7X2,B000WNJ73Q,5.0
A2TJG4N8LNJW23,B002O3VHXU,4.0
A2TK2DJJ8PCIGE,B004EKO2HE,5.0
A2TMSO255FQBBU,B000G6RYNE,5.0
A2TN9C5E4A0I3F,B000G6RYNE,1.0
A2TN9C5E4A0I3F,B001FKQQDO,3.0
A2TNTY0JVQGGBJ,B004134H9W,1.0
A2TPH171QFO6ZH,B0040WHJQM,5.0
A2TPNALNIKN96P,B001CWZXIY,5.0
A2TTAGETIN1QEF,B005LURDB8,3.0
A2TUJ3MOKXZVYK,B003TQQKFQ,5.0
A2TW6FWJYTF8QM,B000G6MBX2,5.0
A2U138G3VKRZSL,B000ER6YO0,1.0
A2U3DAB0WI8BLZ,B000G6MBX2,5.0
A2U3Z5S70AE80V,B0009XLVGA,5.0
A2U4N0SDPQQ884,B001ELL9XG,4.0
A2U51T1TK6CYX9,B001CWZXIY,5.0
A2UC5JUVHIF80L,B007JFV6RK,5.0
A2UFC8M91UFRX9,B000G6MBX2,5.0
A2USOYPY0M1R6X,B001HTKZ5S,1.0
A2UUIL3VICQQH0,B002KGN4LE,5.0
A2UY1O1FBGKIE6,B000ER6YO0,5.0
A2V10DEH7G5AY2,B001CWZXIY,5.0
A2V71J7J3DTB5B,B000UZMJZO,1.0
A2V82V20LFSWD7,B002BCD2OG,4.0
A2VBZOK3SVSDWA,B001UJEN6C,5.0
A2VJ5ALN1BIV3B,B0052BRVTK,5.0
A2VJBGSGUC78FB,B00250I0EG,5.0
A2VOVLKP603R1T,B000U9V5AU,5.0
A2VOZX7YBT0D6D,B003ZFRKGO,5.0
A2VQWV1HMW99AS,B000G6RYNE,1.0
A2VTNMSQLKUPFA,B00448SNSA,1.0
A2VUB6YYTF234O,B000LKZK7C,4.0
A2VYRRDJN2UKWB,B0025VRCJY,5.0
A2VZV78X2V3RPE,B000LKZTSC,4.0
A2W09PJ1TTHQ6H,B003UDV9SG,4.0
A2W1A5GK4A03ZT,B000G6RYNE,5.0
A2W3ABLWMJ84NS,B004X2KR36,5.0
A2W3RO3ZLLX9N9,B00068PCTU,4.0
A2W9I628I6SE1U,B001ELL9XG,4.0
A2WKQ9LUO7IRBE,B000K296BW,3.0
A2WQBT7RS1HSSU,B007JFV6RK,5.0
A2WT4IIHNFJGYT,B0025WIAN0,5.0
A2WUBQNGNGWHG5,B002BCD2OG,5.0
A2WVF9ZQ068DN0,B000FAMUO4,5.0
A2X5PQ4WZBM0SZ,B002CTJG02,5.0
A2XA2823X5EPKE,B0013JQON4,5.0
A2XADCFYDXH7IV,B001SB099M,4.0
A2XIHNXODNZGV4,B005DUM9UQ,5.0
A2Y0FKOY6WE0NQ,B000G6RYNE,3.0
A2Y4IWY1ZXLXH8,B001UJEN6C,5.0
A2YIO225BTKVPU,B001GVISJW,4.0
A2YKWYC3WQJX5J,B000G6RYNE,5.0
A2YPBLSWGVCGVL,B0007NG568,5.0
A2YQJ44XCVYT0M,B001FA1L7U,5.0
A2YVSVBU5YZNQT,B004XDMS3C,1.0
A2YXK01X9CDYGH,B000LKZTSC,5.0
A2Z5X7QJZ1GHI1,B002OHOC6A,5.0
A2ZCD6KO2YY9IZ,B000G6MBX2,5.0
A2ZCD6KO2YY9IZ,B000G6RYNE,5.0
A2ZE5ICI6LWAZ0,B002BCD2OG,5.0
A2ZEFDVX4X5TPX,B000G6RYNE,4.0
A2ZEFDVX4X5TPX,B0025ULYKI,3.0
A2ZNLPYMZOXLGX,B002O3VHXU,5.0
A2ZNXVTFNE6MQO,B001RVFDOO,5.0
A2ZP7F2XXKGUCR,B002HQH04O,5.0
A2ZP8BJR5PYLG7,B006F2NYI2,5.0
A2ZVXWYWGSEIVF,B0035YE9CS,5.0
A3042WJDYJ22S8,B001EU5S9S,5.0
A3042WJDYJ22S8,B002BCD2OG,5.0
A306PAX3GWF5KV,B008L19ZQ0,5.0
A30835UIR6F8KB,B001REEG6C,5.0
A309Z6S89J718F,B001E6KBSK,5.0
A30GTV8XR6ZGTC,B002BCD2OG,5.0
A30H2335OM7RD6,B000G6RYNE,5.0
A30MMUR0DMHYCG,B0030C9A60,5.0
A30NECNFHHBT3H,B000HDMUQ2,4.0
A30QMNHLS0YTKI,B001RVFDOO,5.0
A30QZ7UKDUJHBB,B003AO5DLO,5.0
A30T3R2JOVEVDP,B00068PCTU,5.0
A30WKTJDBRD5UA,B001FA1MCO,1.0
A3111G3DOYIV2A,B0018DQFPC,2.0
A317BY3IPZ83MJ,B001KUUNP6,5.0
A31FBR5HR4SIJ1,B003UIDAHY,5.0
A31I1DOABV0APB,B00068PCTU,5.0
A31MZR41SM9JU5,B000G6RYNE,1.0
A31N6KB160O508,B000G6RYNE,4.0
A31N6KB160O508,B000G6RYNE,4.0
A31N6KB160O508,B000G6RYNE,4.0
A31OQO709M20Y7,B003F6UO7K,5.0
A31R24ZA4DM11F,B001FA1L7A,5.0
A31S5UIBZ9BBD1,B001FA1L7A,5.0
A31TVIUNETW21G,B001CWZXIY,5.0
A31UITXO8QXG3H,B000G6MBX2,5.0
A31W11VBMM1OQ0,B002T62G7S,3.0
A31WPNRPB608EC,B000UZMJZO,1.0
A31YYS8JRQAZP8,B002NVPPHC,5.0
A320QA9HJFUOZO,B000G6RYNE,5.0
A3223MR0RBJG6H,B000HDMUQ2,4.0
A324FVIOYCWNSB,B000G6RYNE,4.0
A327PCT23YH90,B0009XLVG0,1.0
A328TUPI6HYZSF,B007DJ0O9I,5.0
A32DDKLY942A84,B0028C44Z0,4.0
A32MYPC8W71G18,B004EKO2HE,5.0
A32OZFDUK07WLV,B000VKYKTG,4.0
A332AAPB4P75L4,B00821UN4M,1.0
A335SFRERY214N,B0036VM05I,5.0
A339FKUBFG0VLX,B000G6RYNE,4.0
A33B2PH7Y4WC6,B005NEXK6Y,5.0
A33PLZ7SD5MCG0,B000G6RYNE,4.0
A33VG37SOTA0YS,B004ET7MG8,3.0
A3492ZW10B65ON,B000G6RYNE,5.0
A349HIGB6SOU8K,B002E0RIHM,4.0
A34AHOC0OXMR2K,B000ER6YO0,5.0
A34D61RQILOKIJ,B0064KO0BU,1.0
A34G1IVU53D91O,B004EKO2HE,5.0
A34HSMRAQY5XKX,B000LKZK7C,5.0
A34O62IDVYW7X9,B0035YE9CS,5.0
A34OUGLMQCXX1U,B001EU5S9S,5.0
A34UG2TNXIL0Y,B003OB0IB8,4.0
A34UKAOKNIDCWZ,B000XB80CG,3.0
A34YK0ZTWOR858,B007B9J6G2,1.0
A34ZI3K5DNDSNE,B000G6MBX2,5.0
A35G909LKGM6R1,B003YXWAF8,3.0
A35HLZTYAWX5G1,B000CQG862,5.0
A35HOUWHAYZZN6,B000E7WM0U,5.0
A35JPD8Q492FJC,B000G6RYNE,5.0
A35KU4XNOVV194,B000G6RYNE,1.0
A35MKC4WRQ8M8F,B000VKYKTG,5.0
A35NWZIPF97EIS,B004QXELMK,5.0
A35RALTOLCAJLH,B0067R3Q9M,5.0
A35RLDFXR890JC,B001CWZXIY,5.0
A35SLV5XTFUZ4C,B004MTMYNQ,5.0
A362X1G4N4R9S9,B0040WHJQM,3.0
A36D2ED3Q81YEQ,B003AO5DLO,4.0
A36EA1M8V6GNPG,B001RVFDOO,3.0
A36FYX8CUVHD7A,B0025Z7CGI,5.0
A36GDATSF85X7W,B006F2NYI2,5.0
A36IQK3GFWOGIA,B001IB69B4,5.0
A36JCWHDZW0JXY,B0046HFHD8,5.0
A36MP37DITBU6F,B0018DQFPC,4.0
A36QQYEW0AMJEO,B000G6RYNE,5.0
A36TDCR3BJZNS6,B005O072PC,5.0
A36WE3X9G0DZUZ,B006F2NYI2,5.0
A372X206KVOQWQ,B00285FF6O,5.0
A374D06F5GMJ2R,B002OHOC6A,4.0
A375NF45A1MDWI,B001RVFDOO,5.0
A375ZA7IJH2ZGQ,B0048IC328,2.0
A37AO20OXS51QA,B001UJEN6C,5.0
A37D5847LN3WQ,B000G6RYNE,4.0
A37FCSX7K7GEFT,B001EQ4DVQ,4.0
A37N9XZBB8JYOF,B0019CW0HE,5.0
A37QU23QG5SC48,B00068PCTU,5.0
A37REIKYSHU4ZF,B005O072PC,3.0
A37REIKYSHU4ZF,B005O072PC,5.0
A37RRNHOYQ7JPH,B001ESOQAM,5.0
A37V4NXX3SP40T,B001EO7GAI,3.0
A37VANHHWZ4MV8,B001CWZXIY,5.0
A37WXUMQ6CZ1GM,B003JNWQPC,1.0
A37XRRE5STW4IV,B001FA1L7U,1.0
A37YPYG4AUQFOT,B000WNJ73Q,5.0
A386PFEJWL73X5,B000G6MBX2,5.0
A388FLQFOEM0IO,B001BB3LW6,5.0
A38BUM0OXH38VK,B0026Y3YBK,5.0
A38FWXBFJX210N,B001EQ4DVQ,5.0
A38KP1POQ191WT,B000G6RYNE,1.0
A38LI8M6MP59RE,B001ELL7JM,5.0
A38MF3LIFBPX51,B008MMLXEK,5.0
A38O3HBCYKNZ2N,B0017WFN4S,5.0
A38OVPNVBVUO9Y,B001ELL9X6,5.0
A38TLK7HELDDBY,B00061NJ06,4.0
A38X1Y74OCSITX,B00061NJ06,5.0
A38XPXH1KQDJ65,B003UIDAHY,5.0
A38ZY2DCQC9W1G,B00032EZRY,5.0
A391CLP4UMXJQG,B000G6RYNE,4.0
A394MHK3CSDGUV,B000WNJ73Q,5.0
A3957BBBNL1TLJ,B007J32WX4,5.0
A395BORC6FGVXV,B000UA0QIQ,2.0
A395S4RA1X7BFB,B000ITVLE2,5.0
A397CWU6DM3O5G,B001ELL9X6,3.0
A39BLB42U7M6BD,B009HINRX8,4.0
A39EBYCBC6A62Z,B001209QMU,5.0
A39ILC0QR4E09L,B001RVFDOO,4.0
A39JF4NO5TYNNI,B001CWZXIY,5.0
A39TEF7LX44K7Q,B0048IK8UC,1.0
A39XPX6K05FLLW,B002OHOC6A,3.0
A39Y59C6FTC0GL,B000G6RYNE,2.0
A39YEZ676YGFI7,B000ER6YO0,5.0
A39YLXXQHWKFTQ,B001QXUTLU,5.0
A39Z97950MCTQE,B001EO5QW8,3.0
A3A4GAPXRX5SHM,B001EO5ZMO,2.0
A3A52DETIFZNZS,B003SE19UK,5.0
A3A7AWWYDEE9QI,B001E50UEQ,5.0
A3AEB0UGBHU44M,B001FA1L7U,5.0
A3AEEQSKFVN9NB,B000UXA3L8,5.0
A3AER90E4ZWVN6,B000LKZK7C,5.0
A3AF72GP4GVRY1,B0019CW0HE,5.0
A3AFVGFX175F9N,B004V6AH34,3.0
A3AIHN7XBD816P,B000G6MBX2,5.0
A3ARC3UIY3Z1KQ,B000G6RYNE,1.0
A3ARZW7S96SESC,B000G6RYNE,1.0
A3AV5XEJ25KVF4,B004S0AQHA,3.0
A3AYK1I6RAHYR1,B000VX9XFE,5.0
A3B0HXAUWCLSZO,B000G6RYNE,5.0
A3B4KVOTQT9TII,B00068PCTU,5.0
A3B6S35IUGOGW4,B0028C44Z0,5.0
A3B6TOEXSQVO24,B000G6RYNE,5.0
A3B8CF4V636M8U,B0025ULYKI,5.0
A3B8RCEI0FXFI6,B00002Z754,5.0
A3BD5B8Y8MY25X,B005O072PC,5.0
A3BDOAPSF96WGQ,B001GVISJC,5.0
A3BEO6VFOO8FRB,B003AO5DLO,5.0
A3BH49ZKESHDID,B0030C9A60,5.0
A3BJ9NS09YGQT5,B000E7WM0K,5.0
A3BJ9NS09YGQT5,B0028C44Z0,1.0
A3BSTFFIKK5YTW,B000E7WM0K,3.0
A3BSTFFIKK5YTW,B005CJVVJ8,4.0
A3BUE5AHX4M0FS,B001D07IPG,5.0
A3BXNABYRR66IN,B001ELL9X6,5.0
A3C2F0J9YACVB1,B000I5DJVE,3.0
A3C8ARJQBVVS30,B001GCVLXG,5.0
A3CFKMOCU5C5UR,B000VKYKTG,5.0
A3CN9CCJUNIPKT,B000G6RYNE,3.0
A3CP4FB1CZCRW3,B001FA1L7U,5.0
A3D1TXE98KRKYO,B004K2IHUO,4.0
A3D7FUBG14QWKX,B000G6RYNE,1.0
A3DGMXQVIT6R31,B005O072PC,4.0
A3DH85EYHW4AQH,B000084E1U,5.0
A3DJW4XFP0IN2K,B002KGN4LE,5.0
A3DKCBKDEO2GS3,B00437JI8Q,5.0
A3DSWITPB6NBT5,B003EMU7EU,4.0
A3E3YJO2V3YZUM,B000WNJ73Q,1.0
A3E63311ZH0RUD,B001E50UEQ,5.0
A3E81HFGNME65J,B001EO5ZMY,2.0
A3E93G4CH7SUFZ,B004EKO2HE,5.0
A3E9OJWHMXMYYF,B000G6RYNE,5.0
A3EEBE82C3HYRD,B000G6RYNE,3.0
A3EGP5QU70NRKA,B000VKYKTG,5.0
A3EL8P50JQ5OIF,B000E7WM0K,2.0
A3F2Y0NIGB5ZVR,B001FA1L7U,1.0
A3F44FUPG97AA9,B005CJVVJ8,5.0
A3F5EUYWKVWPJ6,B006CGURWM,1.0
A3F8JQ5J29GWUV,B0025VRCJY,5.0
A3F9CMU8KNAY1M,B000ODRY9I,5.0
A3FAQACBPKDOWC,B00116629A,4.0
A3FIUP4KF49FOH,B000S806VM,1.0
A3FONPR03H3PJS,B001GVISJM,5.0
A3FRWBGL8TSOY7,B0025ULYKI,2.0
A3FU8FVBZ8ZODD,B002TDK0VK,4.0
A3FVAWZNKW9GX,B000NF69ZM,4.0
A3G12K8YIPCKQ,B000E7WM0K,4.0
A3G313KLWDG3PW,B006F2NYI2,5.0
A3G467T8H2U4F1,B003VTN95K,5.0
A3G5N7REKFVX0M,B00068PCTU,5.0
A3GIMXLOEPFJBV,B004X8TK8I,4.0
A3GJQ3W0T0KWEO,B000G6RYNE,1.0
A3GK03NK0A7GHQ,B0035YE9CS,5.0
A3GLQSR6MTHXGL,B003VTN95K,5.0
A3GRP8QRFGDH8T,B002TDK0VK,1.0
A3GT3KCGY9EYF4,B00067AD4U,5.0
A3GTP0TT03LVKX,B001CWZXIY,5.0
A3GW42Z2T2K1IF,B002KXDK48,5.0
A3H1EQD2PBC085,B005R8JE8O,5.0
A3HDKO7OW0QNK4,B0001PB9FE,5.0
A3HDKO7OW0QNK4,B0001PB9FY,5.0
A3HHRSX7ESCP9B,B002OHOC6A,5.0
A3HI6N7GG4B2SW,B000ER6YO0,5.0
A3HPCRD9RX351S,B0035Q0N0I,4.0
A3HR0ZZOFKQ97N,B005DUM9UQ,5.0
A3HRFH52UB70L7,B000WNJ73Q,5.0
A3HUV0ZQPXO3V7,B0081XN2HQ,5.0
A3HXPEOW4KN19,B000CQG862,5.0
A3HZG65Z2BHCT3,B002BCD2OG,5.0
A3I5AT1101AS3A,B000G6RYNE,1.0
A3I6ZG20RKI8JU,B007NWPB70,3.0
A3I7NZC5LUVPPW,B000G6MBX2,5.0
A3I7PE5X2MB9JY,B001EO7GAI,5.0
A3I96LKK3S15D0,B000G6RYNE,5.0
A3IANUVB302MPN,B001E6KBSK,4.0
A3IBGWP53XMJY5,B001ELL7JM,2.0
A3ICO2ROSXHIPM,B007TFONH0,5.0
A3IJP7JXMWEPB1,B002BCD2OG,1.0
A3IMXZE9FCUNOC,B0019CW0HE,5.0
A3IPVCRVOGW1MD,B00061NJ06,4.0
A3IQFDK2A3APGE,B003AO5DLO,5.0
A3IV7CL2C13K2U,B001GVISJM,5.0
A3IYSIAKYOMKTO,B001E50UEQ,3.0
A3IZM2CGS09F47,B0043H35N0,5.0
A3J30T6XOU0BWS,B004EKO2HE,4.0
A3J6I70Z9Q0HRX,B000H13270,5.0
A3J6N95DIJTPVH,B000G6MBX2,5.0
A3JBI5QDS32UEM,B000HKYP9A,5.0
A3JE18D4XD2PYF,B00061KYVI,5.0
A3JHTGEVR4714V,B001FA1L7A,5.0
A3JJ9KZAW3MTFO,B001RVFDOO,5.0
A3JJI4J8XAMK5Y,B000G6RYNE,5.0
A3JLKJH4J9Z2MV,B00061NJ06,5.0
A3JMLZS0QJCD5N,B001EQ55BI,5.0
A3JO81AUCLO2U7,B0018DQFPC,2.0
A3JP1UJAF8YY0F,B001EO5ZMO,5.0
A3JPZKLKXNZHIE,B000I5DJVE,2.0
A3JRGQVEQN31IQ,B006K2ZZ7K,5.0
A3JV57W80SI5MX,B005151BV6,5.0
A3JVLYSC4VG8XL,B001HTI226,5.0
A3K0UVMET7SEWE,B0035YE9CS,4.0
A3K24YL6ORL11F,B003D4O92K,5.0
A3K57B9OHFDZUN,B003UIDAHY,5.0
A3KJ6JZ8MWERPG,B001HTKZ5S,1.0
A3KLWF6WQ5BNYO,B001GVISJM,2.0
A3KQ1480MHXXCW,B001EO5ZMO,5.0
A3KT9194WQLNLY,B0040TPNO0,5.0
A3KTOA1CBPBBC0,B000VKYKTG,5.0
A3KVJ2DVCLO0HB,B003VTN95K,5.0
A3L15C30CBPZOR,B003SE19UK,5.0
A3L4OZ0U0A5UDH,B000G6RYNE,5.0
A3L5L1NZIKLSJU,B000G6RYNE,2.0
A3L8MP3YA6U4R5,B001FA1L7U,1.0
A3L9WUD9W8TAFT,B0041QIHC2,5.0
A3L9ZT7SRJYLVH,B0025VRCJY,4.0
A3LCMQ815MBJW9,B007JFV6RK,5.0
A3LJVB19A278FR,B000LRFZE8,1.0
A3LRR63WLQ3N3O,B000VKYKTG,2.0
A3M174IC0VXOS2,B000G6RYNE,5.0
A3M2VGWFJGRUOH,B000G6RYNE,5.0
A3M6MZMHTACBVW,B0028SWACS,5.0
A3MA4VWLFOCJ41,B000ER6YO0,5.0
A3MALNCOVF5COP,B000G6MBX2,5.0
A3MBRJ5X24GXM9,B000H13270,5.0
A3MDETK0D5UAIN,B006GK4XVA,3.0
A3MFU0GVZUVH3K,B000G6RYNE,5.0
A3MGP2E1ZZ6GRB,B001EO5QW8,5.0
A3MKD1JZEYH8J3,B000G6MBX2,5.0
A3MLESXA2VGWJC,B000G6RYNE,4.0
A3MMB5RKFP57N1,B000S806VM,5.0
A3MOFX0JORSBIS,B0009QWTMM,2.0
A3MP1RFOVTGCMI,B002CTJG02,5.0
A3MPHBL698EET7,B000G6RYNE,5.0
A3MQSTAAJSUGF9,B00821UN4M,2.0
A3MTY0ZE9WYJHL,B000G6RYNE,3.0
A3MYS4YDU2QXCP,B000MTIYF2,5.0
A3N1XZUZOTIOT8,B0028SWACS,5.0
A3N2VG89VUD72P,B001LQNX8S,4.0
A3N3QK4DKTL0FM,B000WNJ73Q,4.0
A3N9477PUE6WMR,B009HINRX8,5.0
A3N9DN0V2YXAXA,B000G6RYNE,5.0
A3NCTCNAUYCH6H,B000G6MBX2,3.0
A3NH41GQPFMGQS,B000HDMUQ2,5.0
A3NHUQ33CFH3VM,B000ER6YO0,3.0
A3NHUQ33CFH3VM,B000ER6YO0,3.0
A3NHUQ33CFH3VM,B000ER6YO0,3.0
A3NHUQ33CFH3VM,B000ER6YO0,4.0
A3NID9D9WMIV01,B000ITVLE2,5.0
A3NID9D9WMIV01,B0040WHJQM,5.0
A3NIDDT7E7JIFW,B006F2NYI2,1.0
A3NITES609Z2LN,B000E7WM0K,3.0
A3NM3RXJ8HI5TC,B002BCD2OG,5.0
A3NNFYRW6UOVMH,B0000VLH8S,5.0
A3NV17B17PFB7G,B0002XIB2Y,5.0
A3NVZTGPORNPRW,B003OB0IB8,5.0
A3NXBP212KFH5X,B000G6RYNE,5.0
A3NXCL9NJTL3TF,B000ER6YO0,5.0
A3O8ZE8BHREE0W,B005CJVVJ8,4.0
A3OE43295RWN74,B005151BV6,5.0
A3OFVFM2H4XQPT,B0041CKRJC,3.0
A3OK0COYMR9WUK,B005151BV6,5.0
A3OM7Q1IVAGLUW,B001D07IPG,5.0
A3OO3TXDSIJDHY,B000SV90J8,5.0
A3OOAICYUJT8EL,B003YXWAF8,5.0
A3OX1UNG90U0G0,B0000VLH8S,4.0
A3OXHLG6DIBRW8,B002O3VHXU,5.0
A3OXHLG6DIBRW8,B004ET7MG8,2.0
A3OXRFCJI67IMN,B003SO503C,5.0
A3OYJTGNJDH660,B004EKO2HE,1.0
A3P3TNH6IVABCZ,B00132EDUW,5.0
A3P60QLFDDCHOY,B0026Y3YBK,5.0
A3P8OWYR65G9UF,B000G6RYNE,2.0
A3P8ZCD5O9VWYF,B001CWZXIY,5.0
A3PCZQ3Y8C32OP,B0000VLH8S,1.0
A3PD8JD9L4WEII,B001RVFDOO,4.0
A3PJZ8TU8FDQ1K,B000G6RYNE,5.0
A3PJZ8TU8FDQ1K,B000G6RYNE,5.0
A3PJZ8TU8FDQ1K,B000G6RYNE,5.0
A3PJZ8TU8FDQ1K,B000G6RYNE,5.0
A3PJZ8TU8FDQ1K,B000G6RYNE,5.0
A3PM9DMVYG9HDK,B000G6RYNE,5.0
A3PMBXZJ92K7GU,B001FA1L7A,5.0
A3PMM0NFVEJGK9,B001EO5QW8,4.0
A3POAWC2JPQQQP,B004V6AH34,5.0
A3PPOTV6659ATF,B0025VRCJY,4.0
A3PSJEB2O37G8U,B000G6RYNE,5.0
A3PVRBBGCSGP0Y,B005O072PC,4.0
A3PZ4AXTY9J1DZ,B000G6RYNE,4.0
A3PZWRXBMD5YKG,B004SR97LO,5.0
A3Q0IDQ03S0158,B001EPPI84,2.0
A3Q1DEMHY49CN3,B004FD13RW,3.0
A3Q5YZNYGGUP8W,B000G6RYNE,5.0
A3Q63ZZGUICVFW,B001GE3T1G,5.0
A3Q7QBDSAZ670I,B000WFRMRW,4.0
A3QAZDJ7NYH2C6,B000G6MBX2,5.0
A3QDGKE0NAS0WO,B007NWPB70,4.0
A3QFVEQNX2FQ8P,B000G6MBX2,5.0
A3QLX72AO0DD5Z,B0002MKFEM,5.0
A3QN14A5DGUA0U,B001D07IPG,5.0
A3QOSBTILZ84HY,B000F0G75W,5.0
A3QYHVYQLU8MJC,B000S806VM,5.0
A3R60DE2H7BU5M,B002G8N4ZW,5.0
A3R66N9FR8HMJ7,B004S0AQHA,5.0
A3R6W1FEYDNT8V,B001UJEN6C,5.0
A3R7A2954ZKBZK,B000VX9XFE,5.0
A3R8V9EGMG9PXK,B001E6KBSK,5.0
A3RB0YBBYGXBYE,B000G6RYNE,5.0
A3RB2ZB2KGRZVE,B001EQ4DVQ,5.0
A3RMGIKUWGPZOK,B000G6RYNE,3.0
A3RMGIKUWGPZOK,B000G6RYNE,5.0
A3RMGIKUWGPZOK,B000G6RYNE,5.0
A3RMGIKUWGPZOK,B000G6RYNE,5.0
A3RNKSZ2W573RU,B000WNJ73Q,5.0
A3RNVTDCBB0NFI,B000WNJ73Q,5.0
A3RO3CGZ9MWA1I,B000G6RYNE,5.0
A3RRHWLQYO46S9,B002BKTWL0,5.0
A3RXAU2N8KV45G,B001GVISJM,1.0
A3S47IH20RNWHK,B000E7WM0K,3.0
A3S4IWXSZCN9N7,B000S806VM,2.0
A3S5KJDA6ED2PS,B000G6RPMY,5.0
A3S84SEN2Z6DZU,B0009XLVGA,5.0
A3SFS8R1T6JJM9,B000ER6YO0,3.0
A3SGXH7AUHU8GW,B001E4KFG0,5.0
A3SH3ZVXS16IBL,B001GCVLXG,2.0
A3SIFVM4F1GIWX,B00132EDUW,3.0
A3SIOSO6LTWCVE,B001GE3T1G,5.0
A3SM576V5911MB,B000HDMUQ2,1.0
A3SSH0YMILRQU2,B000WNJ73Q,5.0
A3SV6IWK26XK6B,B000G6MBX2,5.0
A3SXMGUQB2UYVW,B002483RNI,5.0
A3T0XNCN34YSWE,B000WNJ73Q,4.0
A3T1FVDD87NYO4,B001RVFDOO,5.0
A3T7LFZQGL24A5,B000ER6YO0,4.0
A3T8J8FZ6R8B3W,B0018AMWES,4.0
A3T8PIRVS2LX4P,B003YDP5PA,5.0
A3TA1UJWRJF9NC,B000G6RYNE,4.0
A3TD1O4EC26NT2,B0025ULYKI,5.0
A3TEMXOLE1APPZ,B000G6RYNE,2.0
A3TF6OME7HCF5F,B005O072PC,3.0
A3THFR9NVPSUIP,B004ET7MG8,5.0
A3TIC20I6XI297,B0028C44Z0,5.0
A3TJGCKCDKEARQ,B003UIDAHY,5.0
A3TK2IOP8UQ087,B000G6RYNE,5.0
A3TTGKBYJCV8J6,B002TM37RU,5.0
A3TUTIAVU7Q2E2,B000ER6YO0,3.0
A3TWF9DQ6MU87E,B005DUM9UQ,5.0
A3TX8RH943OLBM,B000G6RYNE,2.0
A3TXK9O5IP3CWQ,B007F96QQQ,5.0
A3U2QAY7SVE9AI,B004X8TK8I,5.0
A3U58GFUQAOZLE,B002BCD2OG,5.0
A3U94LRA4I8YAL,B0028C44Z0,5.0
A3UAHFFUHXJ7Z0,B000VKYKTG,5.0
A3UAV8WK31RJY5,B005O072PC,4.0
A3UCN2RGY7O6S1,B003UIDAHY,5.0
A3UCO7B9HP42BG,B000G6MBX2,5.0
A3UCO7B9HP42BG,B000G6RYNE,5.0
A3UD9G34YLWVXE,B001UJEN6C,4.0
A3UE3WHLZLCMBH,B00068PCTU,5.0
A3UFRBCC1CSCSJ,B000G6RYNE,1.0
A3UII2114114PI,B0019CW0HE,5.0
A3ULMCBO9WAN2L,B000ODRY9I,5.0
A3UM3M6WSUN5BR,B00437JI8Q,5.0
A3UNJ1OTN4L316,B003UIDAHY,5.0
A3UOSNSYF9F9PV,B003UDSXU8,5.0
A3UV9TOZW3XXPV,B005WU7V00,5.0
A3UX4TYSZJBJ3R,B000S806VM,2.0
A3UZ3WQO1TQ99W,B001E6KBSK,2.0
A3V9TJMGP2RNU3,B001FA1L7U,2.0
A3VAYCK681VZZO,B0028C44Z0,5.0
A3VEYLW2KPZNGK,B0037LW78C,5.0
A3VIACKGC8CBXV,B001RVFDOO,5.0
A3VOBJCRS99G3E,B002OHOC6A,5.0
A3W4RLOQQ2R4RT,B000HDMUQ2,4.0
A471XPKNUEJGU,B000G6MBX2,4.0
A4AYT6I29WTPY,B000G6MBX2,5.0
A4BUVWK8SXR7Z,B005O072PC,1.0
A4D9AIUP1NNIY,B004DTNJU2,5.0
A4FVWK4UTFQVT,B000G6MBX2,5.0
A4IB02YUUJ758,B001E50UEQ,4.0
A4LL4KXLRBQHQ,B0028C44Z0,3.0
A4MPDQF63WAEO,B0041CKRJC,4.0
A4NDPXCYKRCY2,B000G6RYNE,2.0
A4RC31AVN5LWJ,B001EPPFGO,5.0
A4TLHOUT1PHTL,B00437JI8Q,5.0
A4WQ5WJZMLUQG,B00068PCTU,5.0
A4XCTURC8URLE,B000G6RYNE,1.0
A4ZRAZF766WPQ,B000FL08PG,1.0
A56HS2VNURVJ0,B003OB0IB8,5.0
A56JFSLUCHI4J,B000G6RYNE,5.0
A5EQO6GVEIT4M,B0018DQFPC,2.0
A5F7YR0G7H9HR,B0028C44Z0,5.0
A5FPPBPBAFJ2S,B00110GBII,5.0
A5I7WGK59PA5G,B001RVFDOO,5.0
A5IWYNX8RHRKL,B0057FTBYO,5.0
A5NZUU4AUOWZH,B0043PU4VS,5.0
A5P7VHV0JAFQQ,B003UIDAHY,5.0
A5R2B96GZWAE7,B000WNJ73Q,5.0
A5RU262HIHBZC,B001RVFDOO,5.0
A5U1K1NRQEZW9,B000G6RYNE,3.0
A5WOFSMP2PI45,B003UIDAHY,5.0
A5X6PJANY4XW4,B000ITVLE2,5.0
A60Q11ZYE2U42,B00068PCTU,5.0
A62UHEAJJE7E,B000ER6YO0,5.0
A680RUE1FDO8B,B001EQ4DVQ,5.0
A691XU34BVWME,B001KVLDBI,5.0
A6C3DDB4N0U5D,B004EKO2HE,5.0
A6GKKTS24Q6V7,B0045TK2ZK,1.0
A6GMEO3VRY51S,B002U56JXU,5.0
A6IL98GAOECR5,B001FA1L7U,5.0
A6KUF4KCOS1K6,B00061NJ06,5.0
A6LAMY7Z10BBJ,B000ER6YO0,4.0
A6LAMY7Z10BBJ,B000ER6YO0,5.0
A6UFSCD6O8JMT,B000G6RYNE,4.0
A6VEEE9HOL004,B000HKYP9A,3.0
A6Y49ZNS6NPN0,B003VTN95K,5.0
A6Y6Y1F2APJRS,B001RVFDOO,5.0
A6Y8N2GHDH0ZO,B000ITVLE2,4.0
A72H1W5S6UFMY,B001ELL6O8,5.0
A737WEUQM1K1H,B005NEXK6Y,3.0
A76CBKP9PQXJ3,B001CWZXIY,5.0
A7C7QG6O3ZHXD,B001CWZXIY,2.0
A7DSY3M6P6RG3,B00067AD4U,5.0
A7E85LH2I0TAP,B0028SWACS,4.0
A7H19XVU8BGKB,B0035YE9CS,5.0
A7HKP7RBH88IU,B00473OV2E,5.0
A7IFA2NZR7YV0,B000Y2EJHY,5.0
A7INGAHQIWQ1,B000ER6YO0,5.0
A7JWCYVPF7KCO,B0019CW0HE,5.0
A7TCUZ9EVNRS0,B004EKO2HE,1.0
A7UWXM2CII0UF,B000F7PW8S,4.0
A7WE8ZWEJG34E,B001EO5ZMY,4.0
A7ZK2A3VIW7X9,B004N5KULM,5.0
A83YQC1XOU4CS,B000G6RYNE,5.0
A88OW6BJKW3Q3,B000ER6YO0,3.0
A89KN0ADLUNPW,B000O9Y62A,5.0
A8AJFY7BX21SS,B0007NG568,5.0
A8D27L5Q5BLRC,B001EO5ZMO,5.0
A8OFFIAL6XTOH,B005DUM9UQ,2.0
A8P8KPVXCWV9R,B006ZLAH4M,4.0
A8VBKZI1OHE8W,B00068PCTU,5.0
A8XEEORIXJNZL,B001EO5ZMO,5.0
A926YP1BSD72Y,B000G6RYNE,5.0
A92JIDJABMJKY,B0025ULYKI,5.0
A948FPTGYXYBO,B005O072PC,3.0
A99D068MZX8JT,B001EU5S9S,5.0
A9CGRZG2ISSC9,B001RVFDOO,5.0
A9GRWS6KP8SMA,B003SE19UK,5.0
A9L6L5H9BPEBO,B000G6RPMY,4.0
A9T4HGTPSJ27N,B000VKYKTG,2.0
A9V61HJA4OPRA,B001RVFDOO,5.0
AA83QXB39NF8B,B002BCD2OG,5.0
AAAS38B98HMIK,B001GVISJM,4.0
AAN998J28WIWP,B001E6KBSK,5.0
AAUFOYF14DK7D,B001EO7GAI,1.0
AAUICTIUBVU7R,B001E50UEQ,3.0
AAV3AEI6YSYA2,B0064KO0BU,3.0
AAX6FRNBEU9PK,B0018DQFPC,4.0
AAZ084UMH8VZ2,B002BCD2OG,5.0
AAZ084UMH8VZ2,B003YDP5PA,5.0
AB0BXP1IKDBIA,B000ER6YO0,1.0
AB30HQTI5VOLR,B0066DMI6Y,5.0
ABCXJIXC6Q6EB,B000G6RYNE,5.0
ABFCYFL69Y41H,B000LRG11O,5.0
ABG53EBZBKD23,B0019CW0HE,5.0
ABH7DF7IGBCXA,B001ELL7JM,5.0
ABHXONN9HSUZI,B001D07IPG,5.0
ABN71P7HPHNB5,B004EKO2HE,5.0
ABO66JJKQBGID,B000ER6YO0,5.0
ABR7HU5H1KNE,B000G6RYNE,5.0
ABTKZKAWOK4DC,B0037ZFEW4,5.0
ABTUNH7645QJL,B001E50UEQ,2.0
ABXLMWJIXXAIN,B000LQOCH0,4.0
ABXZ7V8DVN5ZO,B000I5DJVE,5.0
ABZ9F0D94YK45,B0019CW0HE,5.0
AC0NNJ3Q6YF2N,B0025ULYKI,1.0
AC3ZR64550O35,B002CTJG02,5.0
AC4PLBII96SUC,B000WNJ73Q,5.0
AC567LXSKDNC1,B00374XSVY,5.0
AC82F5LXJCR22,B000G6MBX2,5.0
AC82K46M2JV8Y,B000E7WM0U,5.0
AC8PTTE9SEU9E,B001ESOQA2,4.0
ACFPHOYVB71V4,B000G6RYNE,5.0
ACJW2YSBG2HA1,B000G6RYNE,4.0
ACM3Z9NLSE8S9,B000ER6YO0,5.0
ACM3Z9NLSE8S9,B000ER6YO0,5.0
ACNON4BZACUUL,B000G6MBX2,5.0
ACPABFZ8DBLDG,B001F33UPI,4.0
ACSALMTTUS776,B000HDMUQ2,4.0
ACSKQVRP8V695,B001FA1L7K,5.0
ACTRNPJW3RPUI,B005O072PC,5.0
ACYR6O588USK,B000G6RYNE,5.0
ACYR6O588USK,B0025ULYKI,5.0
AD1WWGMEQ8FWW,B003SE19UK,5.0
AD5WAUA14YD6N,B000HKYP9A,4.0
AD6KPEXEHEH5N,B005151BV6,5.0
ADC5ZCN8OLFO1,B007SESJWC,5.0
ADD87VB66Y0DQ,B000G6MBX2,5.0
ADDBLG0CFY9AI,B009HINRX8,5.0
ADFYGTU2B7I1R,B000E7WM0K,2.0
ADFYGTU2B7I1R,B003OB2EP6,5.0
ADL44P8Z4A3M5,B000ITVLE2,5.0
ADLVFFE4VBT8,B0028SWACS,3.0
ADS5APY1NKTL4,B000G6RYNE,5.0
ADS5APY1NKTL4,B000G6RYNE,5.0
ADT0SRK1MGOEU,B006K2ZZ7K,4.0
ADWJAJZTHNYN6,B001UJEN6C,5.0
AE1UMHN3TU6NA,B001EU5S9S,5.0
AE508CW7ON3EP,B00473RWXY,5.0
AE5DR1HZNY9CV,B000WNJ73Q,5.0
AEC3FERY6U28I,B0018DQFPC,4.0
AECDRQB9XVYB4,B001FA1L7U,5.0
AEE2RTBH1WD9A,B004IF3TAQ,5.0
AEFA52M4MT4H6,B0007NG568,5.0
AEFIZIJ1FK1BK,B005DUM9UQ,5.0
AEIAXBIMAO9T0,B000HKYP9A,4.0
AEJGD0907C1TJ,B0028PDGQA,5.0
AEUTF9X5A9RE8,B00068PCTU,5.0
AF42HX1CY5TTA,B0040WHJQM,5.0
AF50D40Y85TV3,B006F2NYI2,5.0
AF72GTWZGAC61,B001EO5ZME,5.0
AF72GTWZGAC61,B001EO5ZMY,5.0
AFK4SSP559JQW,B001RVFDOO,5.0
AFKW14U97Z6QO,B001GVISJM,5.0
AFLLCB3F28N6A,B003YDP5PA,5.0
AFM0O9480F04W,B003F6UO7K,5.0
AFMB9JPLQNWVT,B002OHOC6A,5.0
AFN9QJ7IE89N4,B006F2NYI2,5.0
AFQ9DVNV0Z3O6,B000E1HUEE,5.0
AFSFFRR7JMPZ8,B007P2PSKS,3.0
AFSPO2KS1G8R1,B001EO7GAI,1.0
AFUMZHRZJG0H0,B001UJEN6C,5.0
AFZLBRCW8VPPU,B001RVFDOO,5.0
AG6QH4P56CRIO,B001CWZXIY,5.0
AG7EF0SVBQOUX,B000G6RYNE,5.0
AGC3K4KSI67RI,B000HDMUQ2,5.0
AGE88BOVVQ22J,B005YNDIAW,5.0
AGJW7XVB1OAKQ,B001CWZXIY,5.0
AGNN7H5MJ6SBQ,B001CWZXIY,5.0
AGRMNBUKVYHKW,B00283V4GQ,5.0
AGV2SUHV9P47T,B000CQG862,5.0
AGXEFR3PWFEM,B001F33UPI,5.0
AGXFRN1RZKI4J,B0035YE9CS,5.0
AGXG6VBHLW8J7,B000UUYOPW,1.0
AH5GCNH82ZU0C,B000ER6YO0,3.0
AH6BI8F3EE6K1,B000E7WM0U,5.0
AH7LB9HXLYL25,B004ET7MG8,4.0
AHAX3RWULQD6T,B001UJEN6C,5.0
AHMCLSA49GPHK,B001EQ4DVQ,5.0
AHMKE1AJEHHS3,B000HKYP9A,5.0
AHSURYHM6ZZXC,B006F2NYI2,5.0
AHVASC86C9VPS,B001QXUTLU,1.0
AHWHI3SPJ2PHO,B001RVFDOO,5.0
AHYRTWABDAG1H,B000UWSQT0,5.0
AI0TBLQF5F6RU,B004S4V9Y0,5.0
AI2GIQN8ANTOL,B00068PCTU,5.0
AI7O5C9KBVSTF,B0028C44Z0,5.0
AI7W7S3IK45KV,B004ET7MG8,5.0
AINFLXJIMS32P,B002BCD2OG,5.0
AINZRFRVI8H8E,B000E7WM0K,4.0
AIR7BNZFT751N,B000S806VM,4.0
AISCBGJRPPZ5G,B005P0HHGK,4.0
AISIJIUHHZNHQ,B000G6MBX2,5.0
AISIYS3D2EAOX,B003OB0IB8,5.0
AIUQ25LZLYSJR,B002KGN4LE,5.0
AIW47KAXVTR0X,B001UJEN6C,5.0
AJ2N6YOSV4IC,B003UIDAHY,5.0
AJ613OLZZUG7V,B001GVISJM,5.0
AJ7Q49CTJ1BOC,B000JEHAHS,5.0
AJ94Y22SUFCGU,B003ZFXJDW,5.0
AJFIH0DZYJF7T,B0064KU9HO,3.0
AJGU56YG8G1DQ,B00283V4GQ,5.0
AJM8UGFV16NS8,B001FB69YY,5.0
AJOVLH67GULJD,B0025ULYKI,3.0
AJQD2WWJYOYFQ,B000G6RYNE,4.0
AJTSE4IPHREL4,B00285FF6O,5.0
AJUFHXALV1WHR,B000K296BW,1.0
AJVB004EB0MVK,B009UOFU20,1.0
AJW40ZXGT8ITY,B000HDMUQ2,1.0
AJWLSDYCSQNBL,B000G6RYNE,1.0
AJXMQ2116MJER,B00068PCTU,5.0
AJY5Y3SHROG5C,B000HDMUQ2,2.0
AJZ2A9UOJK0RB,B004V6AH34,5.0
AK09TO4RIP6IR,B0041QIHC2,5.0
AK2CXHH9VRZ2A,B0019CW0HE,3.0
AK5DB61C13CN7,B000G6MBX2,1.0
AKG4UJNVSHHAD,B003VTN95K,4.0
AKGQ6RM68SQY1,B000G6RYNE,1.0
AKKQKYX8ODUAF,B000G6RYNE,5.0
AKMEY1BSHSDG7,B000G6RYNE,5.0
AKNVQ79BU1H84,B001EO7GAI,5.0
AKRLMISQPL8QW,B000G6RYNE,5.0
AKSSGVF9DMJDU,B000ER6YO0,1.0
AKX0RW482WAFD,B0017I8UME,2.0
AKXYY2AS7Q8VQ,B003UDSXU8,5.0
AL3E5V6MXO9B0,B004K2IHUO,5.0
AL3EQN8HMELY2,B001HTI226,3.0
AL4M4T6T3JHY3,B000S806VM,5.0
AL619MA80I8RE,B00068PCTU,5.0
AL7ASCO6NWTJ6,B000UWSQT0,5.0
ALCKGM3XF391,B000G6RYNE,4.0
ALIU1R2MJQ53F,B001JTCPE0,5.0
ALNSBHX0BCMBJ,B001ELL9X6,5.0
ALOR97KTZTK1P,B001EO5QW8,4.0
ALPB765XCHABX,B005O072PC,5.0
ALSAOZ1V546VT,B001ELL6O8,5.0
ALYF3U1ERAREB,B0017ZBPTW,3.0
AM9KC2IIN15JV,B0025ULYKI,5.0
AM9URRLZAF29K,B002ULEFYE,5.0
AMAM0LTSSX7SB,B003OB2EP6,3.0
AMFYR0T3ZCY8S,B002TM37RU,5.0
AMN6JEQ31G052,B003YXWAF8,5.0
AMNCDXFZKL6MZ,B000HKYP9A,3.0
AMNS6TYMWQG0Y,B004XRJ1W4,5.0
AMQ8L5JWWDGIA,B0007NG56I,5.0
AMRMK86X3PKXD,B004X8TK8I,5.0
AMRNR2G8VYZUM,B000E7WM0K,2.0
AMRNVZKWF6519,B007TFONH0,5.0
AMTDEF7SAP17N,B00283V4GQ,4.0
AMYAHFQZI19LS,B001UJEN6C,5.0
AMZCZBK1EF1PV,B001HTI226,5.0
AN59UKY7KFW59,B002OHOC6A,5.0
AN808YPCW2C2F,B0007NG56I,5.0
AN85IOOEI9IYB,B006F2NYI2,5.0
ANAUU7FNHWAVO,B000JWEEB0,4.0
ANJJAZJJB2F33,B000F7PW8S,2.0
ANMPK1PSQDQ2L,B000YT5DBS,2.0
ANUF0T1K35JH9,B00283V4GQ,5.0
ANUUF3N6B9NTA,B000QWXG9O,3.0
ANYAQ3TVKP69E,B0040WHJQM,3.0
AO2ZY713W85C7,B004A8VV42,5.0
AO41UUXDH3CO,B007237380,5.0
AO4UH9E8UN2ZJ,B00283V4GQ,5.0
AO80AC8313NIZ,B001EO5QW8,5.0
AOHGLP2W3B3I4,B001HTKZ5S,1.0
AOHRHPJP38LLT,B000G6RYNE,2.0
AOIW6NFHHPT78,B000ER6YO0,5.0
AOKMWNM4WY085,B003OB2EP6,4.0
AOQT2JCYZ1UWP,B001ELL9XG,2.0
AORRZIJRU4C2L,B00061NJ06,5.0
AOSFLVLMAG0N5,B000G6RYNE,5.0
AOSK1PLKNT64,B001EO5ZMY,5.0
AOTEC8KEH8JGN,B003OB0IB8,5.0
AOVROBZ8BNTP7,B001EO5QW8,4.0
AOY6MHTS66YMW,B005LURDB8,4.0
AP6HPIGX1SAAL,B000WNJ73Q,5.0
AP8QHMD5LS6KF,B000ER6YO0,5.0
APA1GLNHF6K9H,B000G6RYNE,1.0
APGAA43E3WPN7,B000G6RYNE,5.0
APNMGFU73W7ZC,B0030C9A60,5.0
APP2IYVGIG5S1,B003KDCJYY,4.0
APZ1KMTD4SNB9,B0000VLH8S,5.0
AQ0BWW19DY5KE,B0025ULYKI,1.0
AQ7QJ1GWE2BSR,B002MV23XM,5.0
AQ9DWWYP2KJCQ,B000G6RPMY,3.0
AQ9M45GUGWJ9N,B00285FF6O,5.0
AQAEOMJX8ON8A,B000G6MBX2,5.0
AQCY5KRO7489S,B001EO5QW8,5.0
AQDT2YOPW35IU,B001ESOQAM,4.0
AQE0FIFEDOTK7,B001RVFDOO,5.0
AQJBTS8BXNJ9N,B001RVFDOO,5.0
AQLL2R1PPR46X,B001EO5QW8,5.0
AQM8KB1QW0C9X,B003UIDAHY,5.0
AQQLWCMRNDFGI,B000G6RYNE,4.0
AQRS0R3YWIMD1,B002BCD2OG,5.0
AQX8FF2YCO3J7,B001D07IPG,5.0
AQXYD1H2ZQ9NN,B001RVFDOO,5.0
AQZ9FQYW60HJ4,B007ZENY5W,5.0
AR1T36GLLAFFX,B002U56JXU,5.0
AR37BG23UFBF6,B000HDMUQ2,5.0
AR7TAEEUDHMUB,B000G6RYNE,1.0
ARCP4MN7E1NNC,B00283V4GQ,1.0
ARD5NJPT3E59,B0025VPBQ0,1.0
ARDU0AO7974KW,B001FA1L7U,4.0
AREOHWLWVX0A8,B001UJEN6C,3.0
ARJ6S4NC2USL8,B002KGN4LE,5.0
ARLTWKV2AUJ2F,B000G6MBX2,2.0
ARMHQHFZZII2S,B001EPPFGO,5.0
ARONI7W0W677H,B000G6RYNE,5.0
ARQ2DJUU4XB1V,B001HTKZ5S,1.0
ARS5Q7LR6HWPG,B001GVISJW,4.0
ART6IV50G99VR,B002JLT6QC,3.0
ARTBQH9WOZTIV,B000ITVLE2,1.0
ARUQJLJBXS88,B000G6MBX2,5.0
ARXORJX86X1J2,B00285FF6O,5.0
ARYNM1E978YX8,B0089PI9OC,5.0
ARYVQL4N737A1,B001GVISJM,5.0
AS7W26NNLSU8K,B000JWEEB0,1.0
AS89BWXQRDAMV,B003YXWAF8,5.0
ASC04R0BT3TO4,B002U56JXK,5.0
ASCNNAJU6SXF8,B004N5KULM,5.0
ASETNNKSBFJRC,B001LQNX8S,1.0
ASHAQCZ26AZ4N,B004134H9W,1.0
ASIAOU4JW8LUG,B002J2DO8W,5.0
ASJ828YAJ6NGR,B0045TDE4Q,5.0
ASOEVZ99YWPVL,B003SE19UK,5.0
ASVSX0R3IP0P6,B000E1HUEE,5.0
ATBE88PKKQTRA,B0017I8UME,5.0
ATBV3QRAVD2PJ,B001LMNXFA,5.0
ATDE9JYCPI0L1,B0004MUZKO,5.0
ATGKNPXJIBE42,B001RVFDOO,4.0
ATGPKFUEPU3UU,B002HQH04O,5.0
ATHUN0PJ0MG0P,B0009XLVGA,5.0
ATIHDHZYNQ0EI,B000ER6YO0,5.0
ATIHDHZYNQ0EI,B000ER6YO0,5.0
ATIMPESKY25N5,B001E6KBSK,5.0
ATMMHGCOW9BDV,B0040WHJQM,4.0
ATN552TF5V40Z,B001UJEN6C,1.0
ATNQNZEHWMR9U,B009HINRX8,3.0
ATSAX8ZTAX58B,B005O072PC,5.0
ATWQP9EU3V9V7,B000S806VM,5.0
ATX44LVZL5JFV,B004V6AH34,4.0
ATY9Z65HYE0W6,B0048IC328,4.0
ATYMT48R62ENE,B006SQBRMA,5.0
ATZ0P4653KL13,B000G6RYNE,2.0
AU0PC4RM01IOD,B001RVFDOO,4.0
AU3VZDTQH0J4M,B000G6RYNE,5.0
AUAXNVACC3MJL,B002BCD2OG,5.0
AUCMFAJOBT5CK,B001E6KBSK,5.0
AUFES5GU717KT,B005151BV6,4.0
AUHS7PQNAHNDI,B000G6RYNE,5.0
AUI3N3A5AYO3M,B002BCD2OG,5.0
AUIVXYS8E4DEX,B0036VM05I,5.0
AUJLWV0FMI5V6,B001E6KBSK,5.0
AUUWUS51SMMT4,B000LKZK7C,4.0
AUXHG88OYWCGM,B001UJEN6C,5.0
AV27V8MP3KAP2,B00283V4GQ,5.0
AV2VEYY6SXUGQ,B00283V4GQ,5.0
AV40J5VUBWG5J,B000WFL0HK,2.0
AV51MFS5XJXFP,B000G6RYNE,5.0
AV6Z54VGTC4PZ,B001CWZXIY,5.0
AV727S21MQ8IB,B000E7WM0K,5.0
AVCA516CFZ9HF,B004K2IHUO,4.0
AVCA516CFZ9HF,B005O072PC,5.0
AVD1K8KU6Z86U,B004OYBN7C,5.0
AVI998S4IX2Y1,B001IZM8A6,5.0
AVM2B9N0UFA9H,B003MCEV0I,5.0
AVPSSODZIDABZ,B002X9JNYU,1.0
AVQDEM0DQJC0B,B001RVFDOO,5.0
AVQIRN6E7J7UA,B000H13270,3.0
AW11YEHZRZ4D1,B000G6RYNE,5.0
AW497M5SEXAPQ,B001EO5ZMO,5.0
AW7VIZUKC8ZY3,B0025ULYKI,2.0
AWBKE3QTB3BWX,B000ER6YO0,3.0
AWBKE3QTB3BWX,B000ER6YO0,4.0
AWCBF2ZWIN57F,B000E7VI7S,5.0
AWFA4158DDDWC,B005O072PC,5.0
AWJ1Z81HHB0MY,B000LKZK7C,5.0
AWLK6NSSV0YNA,B000G6RYNE,5.0
AWM1SL1PYY3A3,B000G6RYNE,5.0
AWNANZ5VUO7IB,B0037LW78C,5.0
AWYJER2ZQT42W,B001RVFDOO,5.0
AWZ1C2FT0L3W9,B005O072PC,5.0
AWZG8HXBE8PNB,B000G6MBX2,5.0
AX4O74TEOCT04,B001CWZXIY,5.0
AX5JZLRL9KN9B,B000ODRY9I,5.0
AX668BUQRHI7C,B000G6RYNE,4.0
AX7K82LNPVATT,B000G6RYNE,5.0
AX8KKN5A1PG9E,B001RVFDOO,2.0
AX9RG05FWB6BD,B001FA1L7A,5.0
AXA2AK79YLGEN,B001GCVLXG,1.0
AXAJ1GHE97YE2,B004V6AH34,5.0
AXKXFB6C9Z9BH,B000ER6YO0,5.0
AXSDHRCTHLA7V,B001EPPFGO,5.0
AXXCSX5J1YGEH,B00285FF6O,3.0
AXZTWAX77RHPG,B001EQ4DVQ,4.0
AY12DBB0U420B,B001REEG6C,5.0
AY1EF0GOH80EK,B000G6RYNE,5.0
AY1EF0GOH80EK,B001EPPCNK,4.0
AYAU6OMJ81Q7Z,B000ER6YO0,5.0
AYB4ELCS5AM8P,B000G6RYNE,5.0
AYBYYDVV5ABJE,B000G6RYNE,3.0
AYGIIQGSHKZNI,B000YZTAS4,5.0
AYGJ96W5KQMUJ,B0013JQON4,5.0
AYMV2T86WIXVD,B000VKYKTG,4.0
AYSEXV27DPQ3E,B000G6RYNE,5.0
AYWAGB8DM3DS8,B001E6KBSK,5.0
AYZZSRYAIXNOS,B002DXZI40,5.0
AZ2NEHE8TNRUW,B001EPPFGO,5.0
AZ3FPU1QSFBC6,B000UZMJZO,5.0
AZ7289G0ILRFF,B001ELL6O8,5.0
AZ7VXEEOF0H40,B003O7A70Y,5.0
AZI5EI9VX00Y,B001RVFDOO,5.0
AZLONLC8OZPEC,B0066DMI6Y,4.0
AZOF9E17RGZH8,B001GVISJM,5.0
AZV26LP92E6WU,B0045TDE4Q,5.0
